date,entry_datetime,entry_price,final_close,target_final_hour_return,ret_open_to_1500,ret_last_15m,ret_last_30m,ret_last_60m,momentum_accel_60m_vs_prior,rv_open_to_1500,realized_vol_60m,realized_vol_120m,atr_open_to_1500,atr_60m,range_open_to_1500_pct,range_expansion_ratio,dist_from_day_high_pct,dist_from_day_low_pct,position_in_day_range,dist_from_open_pct,spy_dist_from_vwap_pct,spy_cum_volume_to_1500,spy_volume_last_60m,spy_volume_accel_60m_vs_avg,vix_level_1500,vix_change_open_to_1500,vix_ret_last_60m,vix_realized_vol_to_1500,day_of_week,target_class
2026-03-03,2026-03-03 14:45:00-05:00,6826.919921875,6816.58984375,-0.0015131389035193399,0.003920461448364998,-0.0009322181776398875,0.001114494971955704,6.294413164709134e-05,-0.005511114418372598,0.008802855893263368,0.002831474955771966,0.003976315415009733,21.450017755681817,17.5699462890625,0.019317700579352115,0.8191110370716808,-0.0019195595335435023,0.017361059569495296,0.8987125304163748,0.003920461448364998,0.008398845555480872,84568073,10534399,0.6851190105750665,,,,0.0,1,Neutral
2026-03-04,2026-03-04 14:45:00-05:00,6882.85986328125,6868.9501953125,-0.002020914016128028,0.007490082587745084,0.00015694749886208115,0.00028335016545444347,0.0003328269490761038,-0.00019209442632162066,0.006776567878629455,0.0005191946438133249,0.0008840839509053711,12.876309481534092,4.8175048828125,0.010907770110605286,0.3741370840551232,-0.00044729959180722645,0.010455591477680048,0.9585452729256208,0.007490082587745084,0.0031455168262304323,52292852,4906112,0.5160096450658304,,,,0.0,2,Down
2026-03-05,2026-03-05 14:45:00-05:00,6784.9599609375,6829.91015625,0.00662497576570642,-0.009651050116698645,0.00020492701553487258,0.0005190666822481038,0.0006873082878693371,0.000463076260952322,0.01048152715413153,0.001677880793669997,0.004995546870690325,19.160955255681817,11.9725341796875,0.014717712551140183,0.6248401512308356,-0.012440300338840249,0.002094319447862869,0.1422992493287078,-0.009651050116698645,-0.00432203485587912,71893036,8385704,0.6415276717483457,25.200000762939453,0.13207549433189292,0.008000030517578027,0.11697218073438856,3,Up
2026-03-06,2026-03-06 14:45:00-05:00,6762.8798828125,6738.14990234375,-0.003656723303869347,-0.0009085352759469201,0.0004511658802444085,0.00011387267388718314,0.0013592086166884787,3.519374955573973e-05,0.017104760689846024,0.0019075342084260698,0.005016488900535323,18.625022194602273,11.9373779296875,0.009216912720916737,0.6409322794335824,-0.0015560882366765227,0.0076464821547768125,0.82961425222395,-0.0009085352759469201,0.0022161901881121437,67711429,8107218,0.6585254462728884,26.729999542236328,-0.03081944828937866,-0.01036655624852989,0.08535351234242154,4,Down
2026-03-09,2026-03-09 14:45:00-04:00,6712.7998046875,6796.240234375,0.012430048879043643,0.0019403564851152577,-0.0011829327549008894,-3.4258818463528407e-05,0.0018596013378520126,0.005527985880741548,0.014423924560657265,0.0022116235247212467,0.003958759615386925,17.623180042613637,11.9600830078125,0.014858273469697147,0.6786563479969271,-0.003242984270558358,0.011567104051988908,0.7784958377283554,0.0019403564851152577,0.003556669620177866,63150280,8407269,0.7322212902302254,27.219999313354492,-0.1037208244594312,-0.019452482387428804,0.08952506095150506,0,Up
2026-03-10,2026-03-10 14:45:00-04:00,6796.93017578125,6781.31005859375,-0.0022981135282450493,5.445654629832042e-05,-0.0004132596977078906,-0.0011535434830856062,-0.005277346718914,-0.006270617285787816,0.008862099491317018,0.0049908403084183315,0.006572408640207301,17.532293146306817,22.3699951171875,0.012624722369659391,1.2759309310259705,-0.00703423507018186,0.005501682034633415,0.4357863779924017,5.445654629832042e-05,-0.0016764077593229842,59741372,14951769,1.3765122351056818,24.200000762939453,-0.0020618242086823946,0.0670194196345224,0.08854126298482434,1,Down
2026-03-11,2026-03-11 14:45:00-04:00,6764.2001953125,6774.759765625,0.0015610966570471785,-0.0038128580082530394,0.0003061627824190172,-2.512013270361546e-05,0.0003860558866806141,0.002282906071698676,0.006624238549377862,0.002054531307156839,0.0038705771238016994,15.823663884943182,10.52490234375,0.009718951212916327,0.6651368747641844,-0.006893066178897955,0.0027588916601182234,0.28386721979339674,-0.0038128580082530394,-0.0011153320095592667,49053924,7677816,0.8608483186788481,24.770000457763672,0.011846442849273497,-0.019009882860844707,0.07078027473265446,2,Neutral
2026-03-12,2026-03-12 14:45:00-04:00,6684.3798828125,6671.81005859375,-0.0018804772378467893,-0.008381695117288812,-0.00045459072377906917,-0.0012416619724660016,-0.0011819804885665475,-0.00018478605912308765,0.011528249969185717,0.0017732689429993413,0.001696972368575953,18.337690873579547,10.5074462890625,0.009098633892862695,0.5729972416647805,-0.008381695117288812,0.0006406768002999996,0.07041461474810608,-0.008381695117288812,-0.002568661106743475,73096497,10294243,0.7745697649505694,26.780000686645508,0.019801997457401077,0.022137401023532677,0.0806982219975054,3,Neutral
2026-03-13,2026-03-13 14:45:00-04:00,6652.1298828125,6631.8798828125,-0.0030441377959743443,-0.0032007766269700477,-0.0003802257933672726,0.0013336599679376615,0.0024155430027210656,0.0035008394699803658,0.01155358438037784,0.001914391855088501,0.0037548357227352373,18.181818181818183,10.1776123046875,0.015373899059752949,0.5597686767578125,-0.01205499892021622,0.003133567802971804,0.20382388298458282,-0.0032007766269700477,-0.0030411832885555157,64635066,7472329,0.6358438544798577,26.959999084472656,0.05766964796210394,-0.023895790539703032,0.06511608172257835,4,Down
2026-03-16,2026-03-16 14:45:00-04:00,6705.66015625,6699.85009765625,-0.0008664409556059516,0.004688088690485426,-0.0008834996830925368,-0.0002400176639023588,0.001299126075599455,0.0007717753654923332,0.01267938946998569,0.0016851803720868053,0.002414170722494289,12.719105113636363,7.27001953125,0.0072666033121395746,0.5715826283608343,-0.0025599127511777287,0.004688088690485426,0.6451554445876289,0.004688088690485426,0.0004674265212796236,58024423,9481040,0.8986857137726297,23.770000457763672,-0.051476418023546855,-0.012873732015139971,0.05807437382540755,0,Neutral
2026-03-17,2026-03-17 14:45:00-04:00,6720.2099609375,6717.18994140625,-0.0004493936274021504,-0.0003183613896420301,0.0003363772518851782,0.0001920009581153348,-0.0009142987394001878,-0.001999276162349961,0.00777035522864459,0.00163702698716289,0.002038662454155587,10.044167258522727,7.2476806640625,0.006482088762298499,0.7215810407689759,-0.005047132158146339,0.0014022406455080905,0.21632543103448276,-0.0003183613896420301,-0.0013810877643075647,49830735,9019954,0.9955652269628372,22.34000015258789,-0.0008944748308464812,0.0044964200763881745,0.039802594213905654,1,Neutral
2026-03-18,2026-03-18 14:45:00-04:00,6643.35009765625,6624.3798828125,-0.0028555193637082033,-0.00803475761939676,-0.0023996378436386134,-0.004023849993144535,-0.004862325418578117,-0.004946226185403302,0.006386365353186598,0.001985783522854344,0.003294914597099028,11.934148615056818,14.007568359375,0.009358771452957715,1.173738388149636,-0.009221240369994388,5.1231601827739226e-05,0.00547418024739839,-0.00803475761939676,-0.005222545629524289,48290958,10912819,1.2428932244417268,24.059999465942383,0.04928038140983082,0.03394924764237128,0.05076528320359973,2,Down
2026-03-19,2026-03-19 14:45:00-04:00,6592.5498046875,6606.2001953125,0.002070578308759119,0.0014324039865809546,0.002926949424604919,0.0018539601769205216,0.0017717463331736738,0.0016729805859361235,0.010205763500885515,0.0044088190626265485,0.005390983126327706,17.042791193181817,15.9224853515625,0.007183843537225121,0.9342651195499297,-0.0018744136219859264,0.005295964421054844,0.7372048672291205,0.0014324039865809546,0.0014939763088164248,71756487,10918728,0.8369000004138999,24.489999771118164,-0.10062430470731965,-0.01961568375090117,0.07307782874132734,3,Up
2026-03-20,2026-03-20 14:45:00-04:00,6506.06982421875,6508.31982421875,0.0003458309026478368,-0.013433646303561142,-0.00018593959034307606,-0.002118146168636592,-0.005239791868613453,-0.0032210477606527954,0.00741927375373039,0.0016111724107452853,0.002548131468698952,14.681352095170455,13.5198974609375,0.014222918770109061,0.9208891233788321,-0.013433646303561142,0.0005982068063858925,0.04205935617400303,-0.013433646303561142,-0.006247363589549804,95223080,19646892,1.13478692350636,27.799999237060547,0.1169144201997192,0.06269110853265825,0.07042034582558587,4,Neutral
2026-03-23,2026-03-23 14:45:00-04:00,6615.60009765625,6581.759765625,-0.0051152324100181,0.006181047026932118,0.00030240715653628847,0.00235912761106305,0.0013061785556580663,-0.0025623030124661828,0.01793301036548451,0.0024326344377459505,0.003448227362227486,19.707341974431817,12.590087890625,0.01310938383843352,0.6388526624726613,-0.0054152249973169475,0.007623168578055228,0.5815047199782155,0.006181047026932118,0.0009726089850323749,97965819,11796244,0.6622650906435029,25.270000457763672,0.011609324293101242,0.009992006212071303,0.09103381666125035,0,Down
2026-03-24,2026-03-24 14:45:00-04:00,6574.669921875,6557.3798828125,-0.0026297957567380514,0.00344624061383092,-0.0006824935505992391,0.0005752318297225223,0.0011389925577740545,0.0026290803668646,0.009731350436201271,0.0019882295442543913,0.0048991021299464015,17.012273615056817,15.1624755859375,0.010825892314283214,0.8912668540974945,-0.0031960092673312124,0.007595283394788321,0.701584975565248,0.00344624061383092,0.001714607652282707,65380050,10717722,0.9016125102382149,26.649999618530273,-0.023809510501666242,-0.0003751023608054016,0.061157662525273465,1,Down
2026-03-25,2026-03-25 14:45:00-04:00,6590.83984375,6592.43994140625,0.0002427759882175362,-0.001138201792129423,-0.001328869389696008,-0.0014908057607995184,-0.002136329744395926,-0.0024302002301859194,0.011011356677026072,0.0012262216372105996,0.002485835989214875,15.930397727272727,9.6448974609375,0.009976506277382224,0.6054398406152475,-0.006496908027043946,0.003414781806623024,0.3422823292723818,-0.001138201792129423,-0.0019374417686575107,69790757,8458072,0.6665552574533616,25.5,0.012708486534785512,0.007506935522194835,0.06519847868997009,2,Neutral
2026-03-26,2026-03-26 14:45:00-04:00,6499.60986328125,6477.10986328125,-0.0034617462391259846,-0.008580110187383805,0.000523367065441871,0.0013495559893090814,0.0013094833054794197,0.005992353364407954,0.007834230001386376,0.00132148856101741,0.0028137232859642806,12.235484730113637,8.1448974609375,0.012854080659929767,0.6656783642491502,-0.01119852205716032,0.001511611896974685,0.11759782258772572,-0.008580110187383805,-0.005312277093566964,66565225,10511071,0.8684848657838984,27.579999923706055,0.021103283598447264,-0.03092056180868663,0.05017859307407342,3,Down
2026-03-27,2026-03-27 14:45:00-04:00,6378.52978515625,6367.77001953125,-0.001686872365170955,-0.011676732941849233,-0.0009194469765819724,-0.000586035119722883,-0.0011807010054767364,0.0028788540608913893,0.008623401235997124,0.0016644979028995865,0.002856277795628874,15.045987215909092,9.760009765625,0.012192347351561494,0.6486785895514462,-0.011676732941849233,0.0003732476257538586,0.03061327035650579,-0.011676732941849233,-0.005487521457074984,66515739,11434354,0.945474679308607,31.1299991607666,0.04709046888955859,0.014336872566056424,0.043546755618952646,4,Neutral
2026-03-30,2026-03-30 14:45:00-04:00,6342.0,6343.75,0.00027593818984539276,-0.009584034042132705,-0.0010884003836780787,-0.0007987661013914016,-0.0027251421002052467,0.00016148475718413824,0.009309091645879468,0.0016620576932951092,0.0030644126140953673,15.896817294034092,10.9375,0.013960048846459516,0.6880308050155881,-0.013273057906967534,0.0005016984027688132,0.03593815525194782,-0.009584034042132705,-0.005925016817045714,69030883,11920220,0.9497373805865992,30.700000762939453,0.03576253019968734,0.0006519053965035049,0.04372712664569036,0,Neutral
2026-03-31,2026-03-31 14:45:00-04:00,6511.52001953125,6528.64990234375,0.0026307041614122006,0.018080410957921123,0.0011454666868362384,0.001436417247369981,0.0034843853184609586,0.0038078495329378903,0.01709913243776992,0.0013430482100773456,0.0024982331929066875,21.805486505681817,11.7825927734375,0.019018514879497683,0.5403499147046011,-0.0009205955611980565,0.018080410957921123,0.9506741757955034,0.018080410957921123,0.007800647061372956,96809280,11691855,0.6642462633747508,25.829999923706055,-0.0758497596194857,-0.025283021746941303,0.05985801791377079,1,Up
2026-04-01,2026-04-01 14:45:00-04:00,6568.06982421875,6575.080078125,0.0010673232919053977,0.0017554579721899,-0.0006588275499571639,0.00019949848030198503,-0.0037827854489588253,-0.002247133999466411,0.007057386326673791,0.002903182967393466,0.0033684331841573292,11.731378728693182,14.0350341796875,0.008449409849494716,1.1963669833077613,-0.0062938237685020715,0.0021024069844521875,0.24882293815796436,0.0017554579721899,-0.0019442408295672342,69911660,14501535,1.1408460691678612,24.989999771118164,0.004825047359687362,0.04038298479886038,0.047598691931380895,2,Neutral
2026-04-02,2026-04-02 14:45:00-04:00,6568.77978515625,6581.56005859375,0.0019456084471547452,0.008624794522345214,0.0002131599463910394,0.001468160196957724,0.0019035097296538073,0.002501113167931557,0.018655147869472515,0.0016121832123760556,0.0027667104784039067,19.614124644886363,9.132568359375,0.01960948147669983,0.46561182437249216,-0.005018300811377441,0.01449277438851726,0.7390697406118407,0.008624794522345214,0.0033709441973113208,49307800,5072409,0.5657978960732379,25.09000015258789,-0.0782512569617001,-0.02145082878912219,0.07307737829903314,3,Up
2026-04-06,2026-04-06 14:45:00-04:00,6607.0400390625,6611.31005859375,0.0006462832835891774,0.0029418461719088462,0.0006375994668479379,9.083525492892264e-05,0.0027531358781602844,0.004873416392337182,0.005647885052090537,0.0017851538924569764,0.004581387103406383,12.689053622159092,9.967529296875,0.0058375837747779435,0.7855218831661763,-0.001675676353647959,0.004152125520036076,0.711274678057028,0.0029418461719088462,0.0013103779315506436,27612541,4041876,0.8050804886084189,24.3700008392334,-0.02167800126401087,-0.005306088194555136,0.04146230725595476,0,Neutral
2026-04-07,2026-04-07 14:45:00-04:00,6563.41015625,6617.919921875,0.008305098161981217,-0.005834660244144696,-0.002301365633306074,-0.00329526879304598,-0.004175437881647426,-0.005148957019107003,0.008581535386818693,0.0017577152307889645,0.0031362343200611645,15.685879794034092,11.7900390625,0.010959895139125875,0.7516339036962516,-0.006495245327276411,0.004393462604159515,0.40086721162827166,-0.005834660244144696,-0.001017761371080228,40225887,5122736,0.7004208011621968,27.780000686645508,0.09499407834804519,0.044360913092234444,0.05461322902528702,1,Up
2026-04-08,2026-04-08 14:45:00-04:00,6753.97998046875,6783.47998046875,0.0043677950016596245,-5.6242607765821795e-05,-0.0015138824653473382,-0.002877437082736134,-0.00410657556078875,-0.0036526155150300443,0.024130189698535122,0.002551784364701692,0.00323861245027698,12.469127308238637,14.69482421875,0.007895846543485296,1.1784966064979379,-0.0058173282595496145,0.002032585552705246,0.25742465250699575,-5.6242607765821795e-05,-0.002700813167147431,64063293,12386963,1.0634529277163445,21.850000381469727,0.07847976972484183,0.03163361976582291,0.055317913519227865,2,Up
2026-04-09,2026-04-09 14:45:00-04:00,6815.81982421875,6823.93994140625,0.0011913632397744234,0.004736343065502746,0.00027588778719289664,0.00039919075362404577,-0.0020001751654687983,-0.0030423149437459607,0.004641397907693716,0.0019637540882911264,0.002338680189827193,11.074129971590908,10.047607421875,0.010908779205488495,0.9073044516951395,-0.002851404575348493,0.00802626928720196,0.735762374140248,0.004736343065502746,0.0025568876493928805,41790378,5829847,0.767261748625485,19.889999389648438,-0.058238702685089794,0.006578904820891074,0.03277204638147452,3,Neutral
2026-04-10,2026-04-10 14:45:00-04:00,6816.81982421875,6817.89990234375,0.00015844310878843082,-0.0032782018744658137,0.0002876010625045833,-8.659183146098037e-05,-0.00021856359745942022,-0.00021856359745942022,0.0037867338571332286,0.0008267857193687135,0.0014639896680342754,8.94775390625,4.99755859375,0.005479955644567269,0.5585266030013643,-0.004228917306585478,0.0012278640587171097,0.22406459802907958,-0.0032782018744658137,-0.001392794480855053,27514468,3841196,0.7678352349025973,19.780000686645508,0.04269907235688675,-0.008521306756526514,0.048314526674089475,4,Neutral
2026-04-13,2026-04-13 14:45:00-04:00,6856.990234375,6885.91015625,0.004217582479558057,0.007422352252577813,0.0007575279248452915,0.0014064356607563777,0.0017107334668984286,0.0019707389907678285,0.006378381203820524,0.001012106733521793,0.0013473110645571263,9.584494850852273,5.1126708984375,0.010066258635415437,0.5334314408842183,-0.00020119690085573794,0.009863036434518913,0.9798115458526514,0.007422352252577813,0.004510983018222836,30176807,4075293,0.7427595470919107,19.389999389648438,-0.049043650315540366,-0.010209329320144622,0.04134722369474018,0,Up
2026-04-14,2026-04-14 14:45:00-04:00,6951.56005859375,6966.77978515625,0.0021893972625159908,0.005985335028253713,0.00024175608925336434,0.00023311240113721432,-0.0014278447757307688,-0.002561050599417136,0.006670511580645139,0.0014825216947741708,0.0019223625368923463,7.640447443181818,7.030029296875,0.008697839339693036,0.9201070158722781,-0.0019625944747455604,0.006718174533517196,0.7723957952245067,0.005985335028253713,0.001301650997079129,43380996,6380146,0.8088980483527856,18.3799991607666,0.0071232416858411085,-0.003253870474688836,0.025248034706047178,1,Up
2026-04-15,2026-04-15 14:45:00-04:00,7020.39013671875,7022.10009765625,0.0002435706426850981,0.006050327710048986,0.0011351215966457495,0.0016951351273020165,0.0031679371603619,0.0018243450836077368,0.0037031472766705575,0.0010555247767725566,0.0014488033194902357,8.788640802556818,8.3624267578125,0.00782679157051791,0.9515039863023731,-0.00018087168888680782,0.007644504236621108,0.9767098264653736,0.006050327710048986,0.003819680020988425,38223126,7391953,1.0636425053251795,17.8700008392334,0.010175257192855058,-0.02028502941489252,0.03366840233969556,2,Neutral
2026-04-16,2026-04-16 14:45:00-04:00,7030.64013671875,7039.3701171875,0.0012417049228783394,-0.0010144745438837033,-0.00012513408339254184,0.0013816092137881597,0.00010668730028684514,0.00030432535195901167,0.004919089545396664,0.0021667855228267377,0.0029474986418134737,11.543678977272727,10.2249755859375,0.006094005698560778,0.8857640277478698,-0.00292003576780675,0.003156175216144863,0.517914713616097,-0.0010144745438837033,0.00011742286104143851,34944495,4194714,0.6602163516742765,18.139999389648438,-0.009825344332654917,-0.015735263739843908,0.035619451893383704,3,Neutral
2026-04-17,2026-04-17 14:45:00-04:00,7120.580078125,7125.1201171875,0.0006375939899121441,0.006506459733593317,-0.0006175318886244563,-0.0002091731941020747,-0.0008797742965453992,0.0014188818973411843,0.009117011925299746,0.0016950325868610755,0.0025879172004559126,11.3486328125,8.9801025390625,0.010314467613953493,0.7912937785044316,-0.0037691312976576574,0.006506459733593317,0.6308090710170433,0.006506459733593317,-0.00017646280928762526,52383581,5895260,0.6189712383351569,17.530000686645508,0.004584522648042544,0.0017143249511719638,0.04303907809870015,4,Neutral
2026-04-20,2026-04-20 14:45:00-04:00,7106.60986328125,7110.3798828125,0.0005304947934077209,-0.0014668917167579565,0.00016183362513788602,-8.443505391686479e-05,0.00078718884535256,0.0006773636661319138,0.004254068990193688,0.0007616938084871489,0.0010147366437213152,9.193159623579545,5.5675048828125,0.0053977318154023735,0.6056138597367983,-0.0022519763406063653,0.0031335999104546985,0.5805401264125647,-0.0014668917167579565,0.00014923016676959833,28401554,3978965,0.7705320455352549,19.020000457763672,0.009554156248297918,-0.0031446261101834017,0.030085649635096152,0,Neutral
2026-04-21,2026-04-21 14:45:00-04:00,7087.39013671875,7064.31005859375,-0.0032564988916619075,-0.004949007576316888,0.0012828031055203137,0.0018291091249500457,0.0008247251226538577,0.0005973413744055911,0.005998666934948157,0.002028426051402176,0.003937252685416023,13.904629794034092,11.5975341796875,0.01064559888710348,0.8340771636123335,-0.006988650096746096,0.003582550424665154,0.33652878176775847,-0.004949007576316888,-0.0012378086702371505,34714466,5609737,0.8887808759610475,19.700000762939453,0.027647401384255588,-0.011044142194371998,0.05499501056547311,1,Down
2026-04-22,2026-04-22 14:45:00-04:00,7120.58984375,7137.1201171875,0.0023214752991298493,0.002489076605374674,-0.0003285631016302082,0.00028513985125400154,-0.00047587678910443465,-0.0020195265105651394,0.007386605267590193,0.0011384682119089872,0.001890980237302885,8.432750355113637,5.2650146484375,0.003878664389870945,0.6243531975596532,-0.0013842188640804665,0.002489076605374674,0.6417354932473148,0.002489076605374674,5.3498182182032394e-05,24635705,4330391,0.9667736523066826,19.06999969482422,0.004212739582426295,-0.010892167237667616,0.021922325120522522,2,Up
2026-04-23,2026-04-23 14:45:00-04:00,7094.77001953125,7108.0400390625,0.00187039459978533,-0.003375538828950808,-0.002188373594866011,-0.0020114874436574226,0.0005965667559095778,0.00645859792674186,0.008250984885624877,0.003316007138060625,0.008283804065954187,14.643621271306818,14.3001708984375,0.014365892993676077,0.9765460765130354,-0.007416256126844489,0.006843095724899717,0.4763432198688977,-0.003375538828950808,-0.0018108297264741724,42400859,7035457,0.9125997541700748,19.75,0.02172788815062865,-0.004536297978614212,0.10830155186267247,3,Neutral
2026-04-24,2026-04-24 14:45:00-04:00,7159.60986328125,7164.2900390625,0.0006536914539509997,0.0032410772363689055,0.00031715966836931564,0.0007911248770586798,-0.00013549388920508498,-0.00022626325815067183,0.003978058397164479,0.0010477117474914739,0.0014348599296303013,9.709628018465908,5.429931640625,0.00764959011962274,0.5592316853228856,-0.0010631885970263655,0.00657826856560928,0.859950463062675,0.0032410772363689055,0.002264485873491484,29074374,3601639,0.6813221326794516,18.530000686645508,-0.029842915363353373,-0.002691024610648851,0.021814641175917512,4,Neutral
2026-04-27,2026-04-27 14:45:00-04:00,7172.259765625,7174.009765625,0.0002439956244177921,0.0027317650060882936,-6.419450431049967e-05,-0.0003289862771752583,-4.8810358143414057e-05,-0.0010647838132217258,0.0022200409595489533,0.0004414970080067651,0.0006051566139554994,7.053599964488637,3.5323486328125,0.004113761482181122,0.5007866409487519,-0.0005379441117846495,0.0035736043966299036,0.8686950889372373,0.0027317650060882936,0.0012789554778041001,22378742,2848448,0.7000600838063195,18.520000457763672,-0.031887021942686,0.0,0.018617931330930416,0,Neutral
2026-04-28,2026-04-28 14:45:00-04:00,7138.68017578125,7139.240234375,7.845408114093289e-05,0.0006924756500727991,0.00019196548507105504,0.0002073614902551313,0.0007163806745327239,-0.0005102796104028418,0.004665627603039891,0.00040238571958358684,0.000977459220918967,9.352206143465908,4.570068359375,0.005249361303574895,0.4886620642518624,-0.0019349605051377505,0.003304243491637493,0.62945629011805,0.0006924756500727991,0.0008184533040196396,25941544,3171183,0.6723387975673306,18.15999984741211,-0.0401691451277576,-0.006020832380703056,0.02390890939373487,1,Neutral
2026-04-29,2026-04-29 14:45:00-04:00,7129.10009765625,7137.56005859375,0.0011866800608228978,-0.000351921329561522,0.002680724509149579,0.0018676776014348029,5.191909197210798e-05,-0.0012388864033026081,0.005052154093195844,0.004020302943411055,0.0037932361471398504,10.424560546875,16.4951171875,0.005313838519294345,1.5823321389259701,-0.0023132719476570696,0.0029882742180562527,0.5623569868007705,-0.000351921329561522,0.0005397112972596041,25125601,5985201,1.3101619141368996,18.5,0.00707670957145301,0.0010822758798212373,0.04251016911367419,2,Neutral
2026-04-30,2026-04-30 14:45:00-04:00,7206.93994140625,7209.6298828125,0.0003732432111436257,0.006309902105805065,-0.0003148777110876244,0.0006261449975821787,0.0017903496367275284,-0.00211278519043967,0.005187900694234389,0.0013233388914734273,0.001812793840156815,12.406383167613637,6.54248046875,0.01188863776439586,0.5273479289136322,-0.0005450348872436672,0.011337123154808726,0.9536099408093045,0.006309902105805065,0.005435506258541167,34130913,7468139,1.2034475755160725,17.219999313354492,-0.0401338461131181,-0.001739170240319332,0.026987285233282646,3,Neutral
2026-05-01,2026-05-01 14:45:00-04:00,7234.8701171875,7229.31982421875,-0.0007671586191387858,4.562530903395867e-05,-8.57049304764379e-05,-0.0014050541782906212,-0.002280941045410878,-0.00353745969520991,0.006901416480498912,0.0018558389896319591,0.00236333543129272,9.751819957386363,8.242431640625,0.0056876868810680214,0.8452198334918908,-0.00517700910312191,0.00048123257118715124,0.08460954009069972,4.562530903395867e-05,-0.0021956072590312292,28605695,4146986,0.7973385369591616,16.8700008392334,0.007164229207964112,-0.001184046840599362,0.024384096609082615,4,Neutral
2026-05-04,2026-05-04 14:45:00-04:00,7198.06982421875,7201.4599609375,0.0004709785819725365,-0.00419320222306252,0.000644984148608474,-0.0003527533237778213,-0.00111295025529079,-0.003566837805211054,0.005301554874380451,0.0016233435515304309,0.0025983074439840416,12.421342329545455,8.7274169921875,0.009815826989889809,0.702614641851423,-0.006414515565264733,0.003338347649612494,0.3400984606850645,-0.00419320222306252,-0.0017989313491745262,35864295,4137345,0.6344861233156821,18.360000610351562,0.0355330560846574,0.01157030282286553,0.05591447184137626,0,Neutral
2026-05-05,2026-05-05 14:45:00-04:00,7266.06005859375,7259.47021484375,-0.000906934940925197,0.004484606722596762,-1.511983375435122e-05,-0.00026557214842160004,0.00041580653762163244,-0.00029240613931125203,0.006490931719541213,0.0009851327681305044,0.001184721833332287,6.765425248579546,4.372314453125,0.005015439651032683,0.6462734111271131,-0.0005281838541906225,0.004484606722596762,0.8941602401044401,0.004484606722596762,0.0016340234468861237,21606698,2622077,0.6674515235969883,17.239999771118164,-0.00919539373102718,-0.0005797234134398144,0.019135420102413838,1,Neutral
2026-05-06,2026-05-06 14:45:00-04:00,7352.56982421875,7363.68017578125,0.0015110841281511522,0.008010496974943493,-0.00016181401679893348,-0.0001672578124802815,0.0010905711929780626,-0.0003739090686629698,0.008398693931768807,0.0008613569300043616,0.0009584322324063246,8.942737926136363,5.324951171875,0.00869463990083541,0.5954497622380399,-0.0006782458226992638,0.008010496974943493,0.9213144036216933,0.008010496974943493,0.0025856670056674247,28070379,5082798,0.9959035109572265,17.15999984741211,0.012986972043606881,0.009411755730124094,0.021466451990686752,2,Neutral
2026-05-07,2026-05-07 14:45:00-04:00,7334.0400390625,7337.10986328125,0.00041857205611095516,-0.005793821604889393,0.0011070079957982148,-0.00025898553681258374,-0.0009385917797558596,-0.000538265880831057,0.004814822347598092,0.0020331823896610297,0.0031308978124964496,12.772660688920455,12.9349365234375,0.008710263893631609,1.012704935836729,-0.006903160767868233,0.0017469747737750563,0.20056507989984762,-0.005793821604889393,-0.002884725559877399,33431158,4621606,0.7603336085456568,17.190000534057617,-0.008650496955612041,-0.002900187803036358,0.021064353244371337,3,Neutral
2026-05-08,2026-05-08 14:45:00-04:00,7386.06005859375,7397.43017578125,0.0015394022113686123,0.0031359414850613554,-0.0011859663357502992,-0.001816331023210993,-0.0011157227563661776,-0.0014958970909059177,0.006021671479844956,0.0016506147688124832,0.0019369853905349742,8.121781782670455,6.99755859375,0.00523291335317011,0.8615792422151475,-0.002086055719279889,0.0031359414850613554,0.5992725798071196,0.0031359414850613554,-0.0005634254975852571,27431948,4953973,0.9932525207469772,17.479999542236328,0.023419181517389642,0.0,0.02372006693768634,4,Neutral
2026-05-11,2026-05-11 14:45:00-04:00,7407.10986328125,7412.9501953125,0.0007884764961030299,0.0029517792096125373,-0.0016686282618704196,-0.0024255841820740587,-0.0021823411907394563,-0.0032990290095903374,0.0037305734213231583,0.0017274818794015192,0.0026375125033997926,9.006369850852273,7.2750244140625,0.006062947691974907,0.807764341742424,-0.002942581667486177,0.003102525305759274,0.5117189630162833,0.0029517792096125373,-0.0010653363835713137,29679260,4720786,0.8748305382277052,18.280000686645508,0.0027427946058546926,0.006607975784234332,0.01543075482401559,0,Neutral
2026-05-12,2026-05-12 14:45:00-04:00,7380.58984375,7401.6298828125,0.002850725959296696,-0.0013584821891634569,-0.00035216453550357407,-0.0003210253340177882,0.0012575793415980918,-0.002828879322282818,0.006340245252957328,0.0016232364865908816,0.002180950553016734,12.249556107954545,8.300048828125,0.007607790899527789,0.6775795592082854,-0.001863616943581059,0.005729995947923117,0.7531747419975512,-0.0013584821891634569,0.0022424600115997784,34844768,5340850,0.8430153703419693,18.110000610351562,-0.029994615085911946,-0.005491404675926681,0.02942921068846476,1,Up
2026-05-13,2026-05-13 14:45:00-04:00,7447.1298828125,7444.8798828125,-0.00030212981852151266,0.005130132191651926,-0.0003235308807473247,-0.0012351852424242749,0.0006718506769880506,0.0005629911449580582,0.004104370536220008,0.00222031688503143,0.0024778044100443224,9.888649680397727,8.1248779296875,0.011513038766663763,0.821636744377086,-0.0017305746594387106,0.00976253993408216,0.8479550995997608,0.005130132191651926,0.00355085501799679,25966731,4232289,0.8964389664605837,17.81999969482422,-0.019802013438309563,-0.003912783522213137,0.014500896642779487,2,Neutral
2026-05-14,2026-05-14 14:45:00-04:00,7504.0400390625,7502.0400390625,-0.0002665230981696576,0.006659172752878861,0.0006907951176171601,0.0009631036910378032,0.0006494208343370556,0.0006921320706997358,0.0055197903073100985,0.0008439907881995176,0.0018109251332710508,10.385919744318182,8.6175537109375,0.008413851640026726,0.829734286715618,-0.0017400384616833575,0.006659172752878861,0.7914535503810791,0.006659172752878861,0.0015988429113849012,28358419,4657632,0.9033287786600516,17.239999771118164,-0.036871500641199484,-0.00919539373102718,0.025380329268969097,3,Neutral
2026-05-15,2026-05-15 14:45:00-04:00,7435.9599609375,7409.18017578125,-0.0036013891006581034,-0.0012289815075633426,0.0003039893411931338,-0.00012369728831118643,-0.0018738404014934096,-0.004662798299757243,0.013792018816002971,0.0018267712251562671,0.002670919226689486,14.908602627840908,10.590087890625,0.007752632329334208,0.7103340369974483,-0.0025339391766829866,0.005199048453869537,0.6706171830434301,-0.0012289815075633426,0.00100327978178405,35566230,4359687,0.6741866793303648,17.940000534057617,-0.04064172181147929,0.001116096968667435,0.03901164722711255,4,Down
2026-05-18,2026-05-18 14:45:00-04:00,7355.35009765625,7403.10009765625,0.006491873176127205,-0.008053831990556093,-0.0011420345362171958,-0.0013671758468031259,-0.004641600771454812,-0.005364734511456137,0.006969008774168157,0.002096364835735032,0.00304245787265761,18.558149857954547,14.669921875,0.011000716368339214,0.7904840723501355,-0.010587748863625568,0.0002964946824857151,0.026952306791498404,-0.008053831990556093,-0.004712078109779583,29323972,5811555,1.0900144257401418,18.739999771118164,0.011332923728599953,0.03080305041485354,0.041330688756285885,0,Up
2026-05-19,2026-05-19 14:45:00-04:00,7363.52978515625,7354.9599609375,-0.001163820133657345,-0.0016568097947666782,-0.0018530621095163013,-0.001916612815222929,-0.003150216622424651,-0.0039970370037505365,0.009230497105570563,0.002054148920886297,0.002666066381320514,14.926380504261363,10.6451416015625,0.008405009075942438,0.7131763523329314,-0.004298669945063338,0.004070208770976302,0.48425989004895514,-0.0016568097947666782,-0.00014524929737835812,33746983,5742731,0.9359361250159756,18.079999923706055,-0.003856732578261468,0.007242292771095782,0.04087095081880774,1,Neutral
2026-05-20,2026-05-20 14:45:00-04:00,7419.85009765625,7432.77001953125,0.0017412645410559424,0.006874589561784772,0.0002858175200610713,7.956751076232393e-05,0.00033033075535349177,-0.00036577026209894115,0.005999480570725215,0.000492034361903336,0.0010631516214265702,13.490389737215908,7.72998046875,0.010632742941734108,0.5729990474200549,-0.0021302453269056443,0.008479847263864748,0.7975220797053959,0.006874589561784772,0.002281822046740878,29531720,3906509,0.7275498853436236,17.440000534057617,-0.03432995294678509,-0.006267732637312284,0.023890120862657103,2,Neutral
2026-05-21,2026-05-21 14:45:00-04:00,7427.27978515625,7446.0498046875,0.002527172810799838,0.0022264863453438366,-0.003412205213209618,-0.0031901571126656814,-0.0036220803052986472,-0.009994322340408202,0.008015293313617536,0.0036266917385640207,0.005348045522226312,15.017356178977273,15.55517578125,0.010349846088073322,1.0358132014625596,-0.005180871044531132,0.005115353825628999,0.49424443437122917,0.0022264863453438366,0.0009751429988531513,30631559,6065173,1.0890223217172852,17.170000076293945,-0.037016256322839336,0.01178554926528852,0.03229826933087249,3,Up
2026-05-22,2026-05-22 14:45:00-04:00,7489.18017578125,7474.06982421875,-0.002017624253635164,0.0027260466903322733,-0.00025225348072321907,-0.00020826494377568228,-0.0002202562768801597,-0.00028303227861214975,0.0072214647372233634,0.00035108887117754796,0.0022266351054662493,9.835959694602273,5.8050537109375,0.0057655249804087205,0.5901868136083526,-0.0022833623984684914,0.003468997798992346,0.6016794326241135,0.0027260466903322733,-9.892081711782019e-05,21655500,3344286,0.8493718916672439,16.520000457763672,-0.010778460895357389,-0.004219390848727578,0.07191140260075611,4,Down
2026-05-26,2026-05-26 14:45:00-04:00,7508.2900390625,7519.47021484375,0.0014890442062152065,-0.0004659342156528856,-0.0004552787438258932,-0.0007931544648500655,7.72643226787384e-05,5.729747025529086e-05,0.007267290501712108,0.0010934685894975864,0.0014626806250129373,8.406849254261363,6.357666015625,0.005064556611585447,0.7562483664617099,-0.004085347876976564,0.0009585182590079455,0.18926005423955375,-0.0004659342156528856,-0.0010877923214905882,26749969,4681056,0.9624612275251608,17.110000610351562,0.017241434054043436,0.002930899529569153,0.023283345701114136,1,Neutral
2026-05-27,2026-05-27 14:45:00-04:00,7525.56982421875,7521.2900390625,-0.0005686991491962168,-5.845613013411022e-05,5.3141968606951195e-05,0.0001953358598933974,0.0015397689937117764,0.0016461995984234923,0.003543054622586822,0.0007588692884374647,0.0018146853603958392,10.59814453125,5.8800048828125,0.004133487531793989,0.5548145588574062,-0.0006839174047188479,0.0034467431630098577,0.8338583669354839,-5.845613013411022e-05,0.0012099335994333327,25647098,3304907,0.7087347075290935,16.489999771118164,-0.02885746668598732,-0.009609600665338225,0.021394089898542173,2,Neutral
