session_date,rows,first_timestamp,last_timestamp,missing_spx,missing_vix,max_spx_staleness,max_vix_staleness,missing_spx_pct,missing_vix_pct,first_clock,last_clock,has_1459_anchor,has_1559_anchor,session_type,aligned_rows,exact_spx_1459,exact_spx_1559,missing_spx_final_120m,missing_vix_final_120m,strictly_eligible,exclusion_reason
2024-07-18,390,2024-07-18 09:30:00,2024-07-18 15:59:00,0,1,0.0,60.0,0.0,0.002564102564102564,09:30,15:59,True,True,Normal full session,390,True,True,0,0,True,eligible
2024-07-19,390,2024-07-19 09:30:00,2024-07-19 15:59:00,0,1,0.0,0.0,0.0,0.002564102564102564,09:30,15:59,True,True,Normal full session,390,True,True,0,0,True,eligible
2024-07-22,390,2024-07-22 09:30:00,2024-07-22 15:59:00,0,1,0.0,60.0,0.0,0.002564102564102564,09:30,15:59,True,True,Normal full session,390,True,True,0,0,True,eligible
2024-07-23,390,2024-07-23 09:30:00,2024-07-23 15:59:00,0,2,0.0,120.0,0.0,0.005128205128205128,09:30,15:59,True,True,Normal full session,390,True,True,0,0,True,eligible
2024-07-24,390,2024-07-24 09:30:00,2024-07-24 15:59:00,0,1,0.0,60.0,0.0,0.002564102564102564,09:30,15:59,True,True,Normal full session,390,True,True,0,0,True,eligible
2024-07-25,390,2024-07-25 09:30:00,2024-07-25 15:59:00,0,1,0.0,0.0,0.0,0.002564102564102564,09:30,15:59,True,True,Normal full session,390,True,True,0,0,True,eligible
2024-07-26,390,2024-07-26 09:30:00,2024-07-26 15:59:00,0,1,0.0,60.0,0.0,0.002564102564102564,09:30,15:59,True,True,Normal full session,390,True,True,0,0,True,eligible
2024-07-29,390,2024-07-29 09:30:00,2024-07-29 15:59:00,0,1,0.0,60.0,0.0,0.002564102564102564,09:30,15:59,True,True,Normal full session,390,True,True,0,0,True,eligible
2024-07-30,390,2024-07-30 09:30:00,2024-07-30 15:59:00,0,1,0.0,60.0,0.0,0.002564102564102564,09:30,15:59,True,True,Normal full session,390,True,True,0,0,True,eligible
2024-07-31,390,2024-07-31 09:30:00,2024-07-31 15:59:00,0,2,0.0,60.0,0.0,0.005128205128205128,09:30,15:59,True,True,Normal full session,390,True,True,0,0,True,eligible
2024-08-01,390,2024-08-01 09:30:00,2024-08-01 15:59:00,0,1,0.0,0.0,0.0,0.002564102564102564,09:30,15:59,True,True,Normal full session,390,True,True,0,0,True,eligible
2024-08-02,390,2024-08-02 09:30:00,2024-08-02 15:59:00,0,1,0.0,0.0,0.0,0.002564102564102564,09:30,15:59,True,True,Normal full session,390,True,True,0,0,True,eligible
2024-08-05,390,2024-08-05 09:30:00,2024-08-05 15:59:00,0,1,0.0,60.0,0.0,0.002564102564102564,09:30,15:59,True,True,Normal full session,390,True,True,0,0,True,eligible
2024-08-06,390,2024-08-06 09:30:00,2024-08-06 15:59:00,0,1,0.0,0.0,0.0,0.002564102564102564,09:30,15:59,True,True,Normal full session,390,True,True,0,0,True,eligible
2024-08-07,390,2024-08-07 09:30:00,2024-08-07 15:59:00,0,4,0.0,0.0,0.0,0.010256410256410256,09:30,15:59,True,True,Normal full session,390,True,True,0,0,True,eligible
2024-08-08,390,2024-08-08 09:30:00,2024-08-08 15:59:00,0,1,0.0,0.0,0.0,0.002564102564102564,09:30,15:59,True,True,Normal full session,390,True,True,0,0,True,eligible
2024-08-09,390,2024-08-09 09:30:00,2024-08-09 15:59:00,0,1,0.0,60.0,0.0,0.002564102564102564,09:30,15:59,True,True,Normal full session,390,True,True,0,0,True,eligible
2024-08-12,390,2024-08-12 09:30:00,2024-08-12 15:59:00,0,1,0.0,0.0,0.0,0.002564102564102564,09:30,15:59,True,True,Normal full session,390,True,True,0,0,True,eligible
2024-08-13,390,2024-08-13 09:30:00,2024-08-13 15:59:00,0,1,0.0,60.0,0.0,0.002564102564102564,09:30,15:59,True,True,Normal full session,390,True,True,0,0,True,eligible
2024-08-14,390,2024-08-14 09:30:00,2024-08-14 15:59:00,0,2,0.0,60.0,0.0,0.005128205128205128,09:30,15:59,True,True,Normal full session,390,True,True,0,0,True,eligible
2024-08-15,390,2024-08-15 09:30:00,2024-08-15 15:59:00,0,1,0.0,60.0,0.0,0.002564102564102564,09:30,15:59,True,True,Normal full session,390,True,True,0,0,True,eligible
2024-08-16,390,2024-08-16 09:30:00,2024-08-16 15:59:00,0,1,0.0,120.0,0.0,0.002564102564102564,09:30,15:59,True,True,Normal full session,390,True,True,0,0,True,eligible
2024-08-19,390,2024-08-19 09:30:00,2024-08-19 15:59:00,0,2,0.0,120.0,0.0,0.005128205128205128,09:30,15:59,True,True,Normal full session,390,True,True,0,1,False,1 missing VIX observations in final 120m
2024-08-20,390,2024-08-20 09:30:00,2024-08-20 15:59:00,0,1,0.0,120.0,0.0,0.002564102564102564,09:30,15:59,True,True,Normal full session,390,True,True,0,0,True,eligible
2024-08-21,390,2024-08-21 09:30:00,2024-08-21 15:59:00,0,2,0.0,120.0,0.0,0.005128205128205128,09:30,15:59,True,True,Normal full session,390,True,True,0,0,True,eligible
2024-08-22,390,2024-08-22 09:30:00,2024-08-22 15:59:00,267,268,120.0,120.0,0.6846153846153846,0.6871794871794872,09:30,15:59,True,True,Normal full session,390,False,False,120,120,False,no exact SPX observation at 14:59; no exact SPX observation at 15:59; 120 missing SPX observations in final 120m; 120 missing VIX observations in final 120m
2024-08-23,390,2024-08-23 09:30:00,2024-08-23 15:59:00,0,1,0.0,60.0,0.0,0.002564102564102564,09:30,15:59,True,True,Normal full session,390,True,True,0,0,True,eligible
2024-08-26,390,2024-08-26 09:30:00,2024-08-26 15:59:00,0,1,0.0,60.0,0.0,0.002564102564102564,09:30,15:59,True,True,Normal full session,390,True,True,0,0,True,eligible
2024-08-27,390,2024-08-27 09:30:00,2024-08-27 15:59:00,0,1,0.0,60.0,0.0,0.002564102564102564,09:30,15:59,True,True,Normal full session,390,True,True,0,0,True,eligible
2024-08-28,390,2024-08-28 09:30:00,2024-08-28 15:59:00,0,2,0.0,60.0,0.0,0.005128205128205128,09:30,15:59,True,True,Normal full session,390,True,True,0,0,True,eligible
2024-08-29,390,2024-08-29 09:30:00,2024-08-29 15:59:00,0,1,0.0,60.0,0.0,0.002564102564102564,09:30,15:59,True,True,Normal full session,390,True,True,0,0,True,eligible
2024-08-30,390,2024-08-30 09:30:00,2024-08-30 15:59:00,0,1,0.0,60.0,0.0,0.002564102564102564,09:30,15:59,True,True,Normal full session,390,True,True,0,0,True,eligible
2024-09-03,390,2024-09-03 09:30:00,2024-09-03 15:59:00,0,1,0.0,0.0,0.0,0.002564102564102564,09:30,15:59,True,True,Normal full session,390,True,True,0,0,True,eligible
2024-09-04,390,2024-09-04 09:30:00,2024-09-04 15:59:00,0,4,0.0,0.0,0.0,0.010256410256410256,09:30,15:59,True,True,Normal full session,390,True,True,0,0,True,eligible
2024-09-05,390,2024-09-05 09:30:00,2024-09-05 15:59:00,0,1,0.0,0.0,0.0,0.002564102564102564,09:30,15:59,True,True,Normal full session,390,True,True,0,0,True,eligible
2024-09-06,390,2024-09-06 09:30:00,2024-09-06 15:59:00,0,1,0.0,0.0,0.0,0.002564102564102564,09:30,15:59,True,True,Normal full session,390,True,True,0,0,True,eligible
2024-09-09,390,2024-09-09 09:30:00,2024-09-09 15:59:00,0,1,0.0,60.0,0.0,0.002564102564102564,09:30,15:59,True,True,Normal full session,390,True,True,0,0,True,eligible
2024-09-10,390,2024-09-10 09:30:00,2024-09-10 15:59:00,0,1,0.0,60.0,0.0,0.002564102564102564,09:30,15:59,True,True,Normal full session,390,True,True,0,0,True,eligible
2024-09-11,390,2024-09-11 09:30:00,2024-09-11 15:59:00,0,3,0.0,0.0,0.0,0.007692307692307693,09:30,15:59,True,True,Normal full session,390,True,True,0,0,True,eligible
2024-09-12,390,2024-09-12 09:30:00,2024-09-12 15:59:00,0,1,0.0,60.0,0.0,0.002564102564102564,09:30,15:59,True,True,Normal full session,390,True,True,0,0,True,eligible
2024-09-13,390,2024-09-13 09:30:00,2024-09-13 15:59:00,0,1,0.0,60.0,0.0,0.002564102564102564,09:30,15:59,True,True,Normal full session,390,True,True,0,0,True,eligible
2024-09-16,390,2024-09-16 09:30:00,2024-09-16 15:59:00,0,1,0.0,120.0,0.0,0.002564102564102564,09:30,15:59,True,True,Normal full session,390,True,True,0,0,True,eligible
2024-09-17,390,2024-09-17 09:30:00,2024-09-17 15:59:00,0,1,0.0,60.0,0.0,0.002564102564102564,09:30,15:59,True,True,Normal full session,390,True,True,0,0,True,eligible
2024-09-18,390,2024-09-18 09:30:00,2024-09-18 15:59:00,0,5,0.0,60.0,0.0,0.01282051282051282,09:30,15:59,True,True,Normal full session,390,True,True,0,0,True,eligible
2024-09-19,390,2024-09-19 09:30:00,2024-09-19 15:59:00,0,1,0.0,60.0,0.0,0.002564102564102564,09:30,15:59,True,True,Normal full session,390,True,True,0,0,True,eligible
2024-09-20,390,2024-09-20 09:30:00,2024-09-20 15:59:00,0,1,0.0,60.0,0.0,0.002564102564102564,09:30,15:59,True,True,Normal full session,390,True,True,0,0,True,eligible
2024-09-23,390,2024-09-23 09:30:00,2024-09-23 15:59:00,0,1,0.0,60.0,0.0,0.002564102564102564,09:30,15:59,True,True,Normal full session,390,True,True,0,0,True,eligible
2024-09-24,390,2024-09-24 09:30:00,2024-09-24 15:59:00,0,1,0.0,120.0,0.0,0.002564102564102564,09:30,15:59,True,True,Normal full session,390,True,True,0,0,True,eligible
2024-09-25,390,2024-09-25 09:30:00,2024-09-25 15:59:00,0,2,0.0,60.0,0.0,0.005128205128205128,09:30,15:59,True,True,Normal full session,390,True,True,0,0,True,eligible
2024-09-26,390,2024-09-26 09:30:00,2024-09-26 15:59:00,0,1,0.0,120.0,0.0,0.002564102564102564,09:30,15:59,True,True,Normal full session,390,True,True,0,0,True,eligible
2024-09-27,390,2024-09-27 09:30:00,2024-09-27 15:59:00,0,1,0.0,60.0,0.0,0.002564102564102564,09:30,15:59,True,True,Normal full session,390,True,True,0,0,True,eligible
2024-09-30,390,2024-09-30 09:30:00,2024-09-30 15:59:00,0,1,0.0,60.0,0.0,0.002564102564102564,09:30,15:59,True,True,Normal full session,390,True,True,0,0,True,eligible
2024-10-01,390,2024-10-01 09:30:00,2024-10-01 15:59:00,0,1,0.0,0.0,0.0,0.002564102564102564,09:30,15:59,True,True,Normal full session,390,True,True,0,0,True,eligible
2024-10-02,390,2024-10-02 09:30:00,2024-10-02 15:59:00,0,2,0.0,0.0,0.0,0.005128205128205128,09:30,15:59,True,True,Normal full session,390,True,True,0,0,True,eligible
2024-10-03,390,2024-10-03 09:30:00,2024-10-03 15:59:00,0,1,0.0,0.0,0.0,0.002564102564102564,09:30,15:59,True,True,Normal full session,390,True,True,0,0,True,eligible
2024-10-04,390,2024-10-04 09:30:00,2024-10-04 15:59:00,0,1,0.0,60.0,0.0,0.002564102564102564,09:30,15:59,True,True,Normal full session,390,True,True,0,0,True,eligible
2024-10-07,390,2024-10-07 09:30:00,2024-10-07 15:59:00,0,1,0.0,60.0,0.0,0.002564102564102564,09:30,15:59,True,True,Normal full session,390,True,True,0,0,True,eligible
2024-10-08,390,2024-10-08 09:30:00,2024-10-08 15:59:00,0,1,0.0,60.0,0.0,0.002564102564102564,09:30,15:59,True,True,Normal full session,390,True,True,0,0,True,eligible
2024-10-09,390,2024-10-09 09:30:00,2024-10-09 15:59:00,0,2,0.0,120.0,0.0,0.005128205128205128,09:30,15:59,True,True,Normal full session,390,True,True,0,0,True,eligible
2024-10-10,390,2024-10-10 09:30:00,2024-10-10 15:59:00,0,1,0.0,120.0,0.0,0.002564102564102564,09:30,15:59,True,True,Normal full session,390,True,True,0,0,True,eligible
2024-10-11,390,2024-10-11 09:30:00,2024-10-11 15:59:00,0,1,0.0,60.0,0.0,0.002564102564102564,09:30,15:59,True,True,Normal full session,390,True,True,0,0,True,eligible
2024-10-14,390,2024-10-14 09:30:00,2024-10-14 15:59:00,0,8,0.0,120.0,0.0,0.020512820512820513,09:30,15:59,True,True,Normal full session,390,True,True,0,4,False,4 missing VIX observations in final 120m
2024-10-15,390,2024-10-15 09:30:00,2024-10-15 15:59:00,0,1,0.0,60.0,0.0,0.002564102564102564,09:30,15:59,True,True,Normal full session,390,True,True,0,0,True,eligible
2024-10-16,390,2024-10-16 09:30:00,2024-10-16 15:59:00,0,2,0.0,120.0,0.0,0.005128205128205128,09:30,15:59,True,True,Normal full session,390,True,True,0,0,True,eligible
2024-10-17,390,2024-10-17 09:30:00,2024-10-17 15:59:00,0,1,0.0,120.0,0.0,0.002564102564102564,09:30,15:59,True,True,Normal full session,390,True,True,0,0,True,eligible
2024-10-18,390,2024-10-18 09:30:00,2024-10-18 15:59:00,0,1,0.0,120.0,0.0,0.002564102564102564,09:30,15:59,True,True,Normal full session,390,True,True,0,0,True,eligible
2024-10-21,390,2024-10-21 09:30:00,2024-10-21 15:59:00,0,1,0.0,120.0,0.0,0.002564102564102564,09:30,15:59,True,True,Normal full session,390,True,True,0,0,True,eligible
2024-10-22,390,2024-10-22 09:30:00,2024-10-22 15:59:00,0,2,0.0,120.0,0.0,0.005128205128205128,09:30,15:59,True,True,Normal full session,390,True,True,0,1,False,1 missing VIX observations in final 120m
2024-10-23,390,2024-10-23 09:30:00,2024-10-23 15:59:00,0,2,0.0,60.0,0.0,0.005128205128205128,09:30,15:59,True,True,Normal full session,390,True,True,0,0,True,eligible
2024-10-24,390,2024-10-24 09:30:00,2024-10-24 15:59:00,0,1,0.0,60.0,0.0,0.002564102564102564,09:30,15:59,True,True,Normal full session,390,True,True,0,0,True,eligible
2024-10-25,390,2024-10-25 09:30:00,2024-10-25 15:59:00,0,1,0.0,60.0,0.0,0.002564102564102564,09:30,15:59,True,True,Normal full session,390,True,True,0,0,True,eligible
2024-10-28,390,2024-10-28 09:30:00,2024-10-28 15:59:00,0,1,0.0,60.0,0.0,0.002564102564102564,09:30,15:59,True,True,Normal full session,390,True,True,0,0,True,eligible
2024-10-29,390,2024-10-29 09:30:00,2024-10-29 15:59:00,0,1,0.0,60.0,0.0,0.002564102564102564,09:30,15:59,True,True,Normal full session,390,True,True,0,0,True,eligible
2024-10-30,390,2024-10-30 09:30:00,2024-10-30 15:59:00,0,2,0.0,60.0,0.0,0.005128205128205128,09:30,15:59,True,True,Normal full session,390,True,True,0,0,True,eligible
2024-10-31,390,2024-10-31 09:30:00,2024-10-31 15:59:00,0,1,0.0,60.0,0.0,0.002564102564102564,09:30,15:59,True,True,Normal full session,390,True,True,0,0,True,eligible
2024-11-01,390,2024-11-01 09:30:00,2024-11-01 15:59:00,0,1,0.0,60.0,0.0,0.002564102564102564,09:30,15:59,True,True,Normal full session,390,True,True,0,0,True,eligible
2024-11-04,390,2024-11-04 09:30:00,2024-11-04 15:59:00,0,1,0.0,60.0,0.0,0.002564102564102564,09:30,15:59,True,True,Normal full session,390,True,True,0,0,True,eligible
2024-11-05,390,2024-11-05 09:30:00,2024-11-05 15:59:00,0,1,0.0,120.0,0.0,0.002564102564102564,09:30,15:59,True,True,Normal full session,390,True,True,0,0,True,eligible
2024-11-06,390,2024-11-06 09:30:00,2024-11-06 15:59:00,0,3,0.0,60.0,0.0,0.007692307692307693,09:30,15:59,True,True,Normal full session,390,True,True,0,0,True,eligible
2024-11-07,390,2024-11-07 09:30:00,2024-11-07 15:59:00,0,1,0.0,120.0,0.0,0.002564102564102564,09:30,15:59,True,True,Normal full session,390,True,True,0,0,True,eligible
2024-11-08,390,2024-11-08 09:30:00,2024-11-08 15:59:00,0,4,0.0,120.0,0.0,0.010256410256410256,09:30,15:59,True,True,Normal full session,390,True,True,0,2,False,2 missing VIX observations in final 120m
2024-11-11,390,2024-11-11 09:30:00,2024-11-11 15:59:00,0,5,0.0,120.0,0.0,0.01282051282051282,09:30,15:59,True,True,Normal full session,390,True,True,0,2,False,2 missing VIX observations in final 120m
2024-11-12,390,2024-11-12 09:30:00,2024-11-12 15:59:00,0,1,0.0,120.0,0.0,0.002564102564102564,09:30,15:59,True,True,Normal full session,390,True,True,0,0,True,eligible
2024-11-13,390,2024-11-13 09:30:00,2024-11-13 15:59:00,0,3,0.0,120.0,0.0,0.007692307692307693,09:30,15:59,True,True,Normal full session,390,True,True,0,2,False,2 missing VIX observations in final 120m
2024-11-14,390,2024-11-14 09:30:00,2024-11-14 15:59:00,0,1,0.0,60.0,0.0,0.002564102564102564,09:30,15:59,True,True,Normal full session,390,True,True,0,0,True,eligible
2024-11-15,390,2024-11-15 09:30:00,2024-11-15 15:59:00,0,1,0.0,0.0,0.0,0.002564102564102564,09:30,15:59,True,True,Normal full session,390,True,True,0,0,True,eligible
2024-11-18,390,2024-11-18 09:30:00,2024-11-18 15:59:00,0,1,0.0,60.0,0.0,0.002564102564102564,09:30,15:59,True,True,Normal full session,390,True,True,0,0,True,eligible
2024-11-19,390,2024-11-19 09:30:00,2024-11-19 15:59:00,0,1,0.0,120.0,0.0,0.002564102564102564,09:30,15:59,True,True,Normal full session,390,True,True,0,0,True,eligible
2024-11-20,390,2024-11-20 09:30:00,2024-11-20 15:59:00,0,1,0.0,60.0,0.0,0.002564102564102564,09:30,15:59,True,True,Normal full session,390,True,True,0,0,True,eligible
2024-11-21,390,2024-11-21 09:30:00,2024-11-21 15:59:00,0,1,0.0,60.0,0.0,0.002564102564102564,09:30,15:59,True,True,Normal full session,390,True,True,0,0,True,eligible
2024-11-22,390,2024-11-22 09:30:00,2024-11-22 15:59:00,0,1,0.0,120.0,0.0,0.002564102564102564,09:30,15:59,True,True,Normal full session,390,True,True,0,0,True,eligible
2024-11-25,390,2024-11-25 09:30:00,2024-11-25 15:59:00,0,1,0.0,60.0,0.0,0.002564102564102564,09:30,15:59,True,True,Normal full session,390,True,True,0,0,True,eligible
2024-11-26,390,2024-11-26 09:30:00,2024-11-26 15:59:00,0,2,0.0,120.0,0.0,0.005128205128205128,09:30,15:59,True,True,Normal full session,390,True,True,0,1,False,1 missing VIX observations in final 120m
2024-11-27,390,2024-11-27 09:30:00,2024-11-27 15:59:00,0,2,0.0,60.0,0.0,0.005128205128205128,09:30,15:59,True,True,Normal full session,390,True,True,0,0,True,eligible
2024-11-29,211,2024-11-29 09:30:00,2024-11-29 13:00:00,0,2,0.0,120.0,0.0,0.009478672985781991,09:30,13:00,False,False,Likely early close,211,False,False,0,0,False,non-standard session length (211); missing 14:59 session anchor; missing 15:59 session anchor; no exact SPX observation at 14:59; no exact SPX observation at 15:59
2024-12-02,390,2024-12-02 09:30:00,2024-12-02 15:59:00,0,4,0.0,120.0,0.0,0.010256410256410256,09:30,15:59,True,True,Normal full session,390,True,True,0,2,False,2 missing VIX observations in final 120m
2024-12-03,390,2024-12-03 09:30:00,2024-12-03 15:59:00,0,1,0.0,120.0,0.0,0.002564102564102564,09:30,15:59,True,True,Normal full session,390,True,True,0,0,True,eligible
2024-12-04,390,2024-12-04 09:30:00,2024-12-04 15:59:00,0,6,0.0,120.0,0.0,0.015384615384615385,09:30,15:59,True,True,Normal full session,390,True,True,0,1,False,1 missing VIX observations in final 120m
2024-12-05,390,2024-12-05 09:30:00,2024-12-05 15:59:00,0,9,0.0,120.0,0.0,0.023076923076923078,09:30,15:59,True,True,Normal full session,390,True,True,0,0,True,eligible
2024-12-06,390,2024-12-06 09:30:00,2024-12-06 15:59:00,0,1,0.0,120.0,0.0,0.002564102564102564,09:30,15:59,True,True,Normal full session,390,True,True,0,0,True,eligible
2024-12-09,390,2024-12-09 09:30:00,2024-12-09 15:59:00,0,1,0.0,120.0,0.0,0.002564102564102564,09:30,15:59,True,True,Normal full session,390,True,True,0,0,True,eligible
2024-12-10,390,2024-12-10 09:30:00,2024-12-10 15:59:00,0,2,0.0,120.0,0.0,0.005128205128205128,09:30,15:59,True,True,Normal full session,390,True,True,0,1,False,1 missing VIX observations in final 120m
2024-12-11,390,2024-12-11 09:30:00,2024-12-11 15:59:00,0,2,0.0,120.0,0.0,0.005128205128205128,09:30,15:59,True,True,Normal full session,390,True,True,0,1,False,1 missing VIX observations in final 120m
2024-12-12,390,2024-12-12 09:30:00,2024-12-12 15:59:00,0,1,0.0,120.0,0.0,0.002564102564102564,09:30,15:59,True,True,Normal full session,390,True,True,0,0,True,eligible
2024-12-13,390,2024-12-13 09:30:00,2024-12-13 15:59:00,0,1,0.0,120.0,0.0,0.002564102564102564,09:30,15:59,True,True,Normal full session,390,True,True,0,0,True,eligible
2024-12-16,390,2024-12-16 09:30:00,2024-12-16 15:59:00,0,2,0.0,120.0,0.0,0.005128205128205128,09:30,15:59,True,True,Normal full session,390,True,True,0,1,False,1 missing VIX observations in final 120m
2024-12-17,390,2024-12-17 09:30:00,2024-12-17 15:59:00,0,1,0.0,60.0,0.0,0.002564102564102564,09:30,15:59,True,True,Normal full session,390,True,True,0,0,True,eligible
2024-12-18,390,2024-12-18 09:30:00,2024-12-18 15:59:00,0,2,0.0,60.0,0.0,0.005128205128205128,09:30,15:59,True,True,Normal full session,390,True,True,0,0,True,eligible
2024-12-19,390,2024-12-19 09:30:00,2024-12-19 15:59:00,0,1,0.0,0.0,0.0,0.002564102564102564,09:30,15:59,True,True,Normal full session,390,True,True,0,0,True,eligible
2024-12-20,390,2024-12-20 09:30:00,2024-12-20 15:59:00,0,1,0.0,0.0,0.0,0.002564102564102564,09:30,15:59,True,True,Normal full session,390,True,True,0,0,True,eligible
2024-12-23,390,2024-12-23 09:30:00,2024-12-23 15:59:00,0,1,0.0,60.0,0.0,0.002564102564102564,09:30,15:59,True,True,Normal full session,390,True,True,0,0,True,eligible
2024-12-24,211,2024-12-24 09:30:00,2024-12-24 13:00:00,0,2,0.0,60.0,0.0,0.009478672985781991,09:30,13:00,False,False,Likely early close,211,False,False,0,0,False,non-standard session length (211); missing 14:59 session anchor; missing 15:59 session anchor; no exact SPX observation at 14:59; no exact SPX observation at 15:59
2024-12-26,390,2024-12-26 09:30:00,2024-12-26 15:59:00,0,1,0.0,60.0,0.0,0.002564102564102564,09:30,15:59,True,True,Normal full session,390,True,True,0,0,True,eligible
2024-12-27,390,2024-12-27 09:30:00,2024-12-27 15:59:00,0,1,0.0,60.0,0.0,0.002564102564102564,09:30,15:59,True,True,Normal full session,390,True,True,0,0,True,eligible
2024-12-30,390,2024-12-30 09:30:00,2024-12-30 15:59:00,0,1,0.0,60.0,0.0,0.002564102564102564,09:30,15:59,True,True,Normal full session,390,True,True,0,0,True,eligible
2024-12-31,390,2024-12-31 09:30:00,2024-12-31 15:59:00,0,2,0.0,60.0,0.0,0.005128205128205128,09:30,15:59,True,True,Normal full session,390,True,True,0,0,True,eligible
2025-01-02,390,2025-01-02 09:30:00,2025-01-02 15:59:00,0,1,0.0,0.0,0.0,0.002564102564102564,09:30,15:59,True,True,Normal full session,390,True,True,0,0,True,eligible
2025-01-03,390,2025-01-03 09:30:00,2025-01-03 15:59:00,0,1,0.0,60.0,0.0,0.002564102564102564,09:30,15:59,True,True,Normal full session,390,True,True,0,0,True,eligible
2025-01-06,390,2025-01-06 09:30:00,2025-01-06 15:59:00,0,1,0.0,60.0,0.0,0.002564102564102564,09:30,15:59,True,True,Normal full session,390,True,True,0,0,True,eligible
2025-01-07,390,2025-01-07 09:30:00,2025-01-07 15:59:00,0,1,0.0,60.0,0.0,0.002564102564102564,09:30,15:59,True,True,Normal full session,390,True,True,0,0,True,eligible
2025-01-08,390,2025-01-08 09:30:00,2025-01-08 15:59:00,0,1,0.0,0.0,0.0,0.002564102564102564,09:30,15:59,True,True,Normal full session,390,True,True,0,0,True,eligible
2025-01-10,390,2025-01-10 09:30:00,2025-01-10 15:59:00,0,1,0.0,60.0,0.0,0.002564102564102564,09:30,15:59,True,True,Normal full session,390,True,True,0,0,True,eligible
2025-01-13,390,2025-01-13 09:30:00,2025-01-13 15:59:00,0,1,0.0,60.0,0.0,0.002564102564102564,09:30,15:59,True,True,Normal full session,390,True,True,0,0,True,eligible
2025-01-14,390,2025-01-14 09:30:00,2025-01-14 15:59:00,0,1,0.0,60.0,0.0,0.002564102564102564,09:30,15:59,True,True,Normal full session,390,True,True,0,0,True,eligible
2025-01-15,390,2025-01-15 09:30:00,2025-01-15 15:59:00,0,2,0.0,60.0,0.0,0.005128205128205128,09:30,15:59,True,True,Normal full session,390,True,True,0,0,True,eligible
2025-01-16,390,2025-01-16 09:30:00,2025-01-16 15:59:00,0,1,0.0,0.0,0.0,0.002564102564102564,09:30,15:59,True,True,Normal full session,390,True,True,0,0,True,eligible
2025-01-17,390,2025-01-17 09:30:00,2025-01-17 15:59:00,0,3,0.0,120.0,0.0,0.007692307692307693,09:30,15:59,True,True,Normal full session,390,True,True,0,0,True,eligible
2025-01-21,390,2025-01-21 09:30:00,2025-01-21 15:59:00,0,2,0.0,120.0,0.0,0.005128205128205128,09:30,15:59,True,True,Normal full session,390,True,True,0,0,True,eligible
2025-01-22,390,2025-01-22 09:30:00,2025-01-22 15:59:00,0,8,0.0,120.0,0.0,0.020512820512820513,09:30,15:59,True,True,Normal full session,390,True,True,0,0,True,eligible
2025-01-23,390,2025-01-23 09:30:00,2025-01-23 15:59:00,0,4,0.0,120.0,0.0,0.010256410256410256,09:30,15:59,True,True,Normal full session,390,True,True,0,2,False,2 missing VIX observations in final 120m
2025-01-24,390,2025-01-24 09:30:00,2025-01-24 15:59:00,0,1,0.0,120.0,0.0,0.002564102564102564,09:30,15:59,True,True,Normal full session,390,True,True,0,0,True,eligible
2025-01-27,390,2025-01-27 09:30:00,2025-01-27 15:59:00,0,1,0.0,0.0,0.0,0.002564102564102564,09:30,15:59,True,True,Normal full session,390,True,True,0,0,True,eligible
2025-01-28,390,2025-01-28 09:30:00,2025-01-28 15:59:00,0,1,0.0,60.0,0.0,0.002564102564102564,09:30,15:59,True,True,Normal full session,390,True,True,0,0,True,eligible
2025-01-29,390,2025-01-29 09:30:00,2025-01-29 15:59:00,0,2,0.0,60.0,0.0,0.005128205128205128,09:30,15:59,True,True,Normal full session,390,True,True,0,0,True,eligible
2025-01-30,390,2025-01-30 09:30:00,2025-01-30 15:59:00,0,1,0.0,120.0,0.0,0.002564102564102564,09:30,15:59,True,True,Normal full session,390,True,True,0,0,True,eligible
2025-01-31,390,2025-01-31 09:30:00,2025-01-31 15:59:00,0,1,0.0,60.0,0.0,0.002564102564102564,09:30,15:59,True,True,Normal full session,390,True,True,0,0,True,eligible
2025-02-03,390,2025-02-03 09:30:00,2025-02-03 15:59:00,0,1,0.0,60.0,0.0,0.002564102564102564,09:30,15:59,True,True,Normal full session,390,True,True,0,0,True,eligible
2025-02-04,390,2025-02-04 09:30:00,2025-02-04 15:59:00,0,1,0.0,120.0,0.0,0.002564102564102564,09:30,15:59,True,True,Normal full session,390,True,True,0,0,True,eligible
2025-02-05,390,2025-02-05 09:30:00,2025-02-05 15:59:00,0,2,0.0,120.0,0.0,0.005128205128205128,09:30,15:59,True,True,Normal full session,390,True,True,0,0,True,eligible
2025-02-06,390,2025-02-06 09:30:00,2025-02-06 15:59:00,0,1,0.0,60.0,0.0,0.002564102564102564,09:30,15:59,True,True,Normal full session,390,True,True,0,0,True,eligible
2025-02-07,390,2025-02-07 09:30:00,2025-02-07 15:59:00,0,1,0.0,60.0,0.0,0.002564102564102564,09:30,15:59,True,True,Normal full session,390,True,True,0,0,True,eligible
2025-02-10,390,2025-02-10 09:30:00,2025-02-10 15:59:00,0,1,0.0,120.0,0.0,0.002564102564102564,09:30,15:59,True,True,Normal full session,390,True,True,0,0,True,eligible
2025-02-11,390,2025-02-11 09:30:00,2025-02-11 15:59:00,0,2,0.0,120.0,0.0,0.005128205128205128,09:30,15:59,True,True,Normal full session,390,True,True,0,1,False,1 missing VIX observations in final 120m
2025-02-12,390,2025-02-12 09:30:00,2025-02-12 15:59:00,0,1,0.0,60.0,0.0,0.002564102564102564,09:30,15:59,True,True,Normal full session,390,True,True,0,0,True,eligible
2025-02-13,390,2025-02-13 09:30:00,2025-02-13 15:59:00,0,1,0.0,120.0,0.0,0.002564102564102564,09:30,15:59,True,True,Normal full session,390,True,True,0,0,True,eligible
2025-02-14,390,2025-02-14 09:30:00,2025-02-14 15:59:00,0,2,0.0,120.0,0.0,0.005128205128205128,09:30,15:59,True,True,Normal full session,390,True,True,0,1,False,1 missing VIX observations in final 120m
2025-02-18,390,2025-02-18 09:30:00,2025-02-18 15:59:00,0,1,0.0,120.0,0.0,0.002564102564102564,09:30,15:59,True,True,Normal full session,390,True,True,0,0,True,eligible
2025-02-19,390,2025-02-19 09:30:00,2025-02-19 15:59:00,0,2,0.0,120.0,0.0,0.005128205128205128,09:30,15:59,True,True,Normal full session,390,True,True,0,0,True,eligible
2025-02-20,390,2025-02-20 09:30:00,2025-02-20 15:59:00,0,1,0.0,60.0,0.0,0.002564102564102564,09:30,15:59,True,True,Normal full session,390,True,True,0,0,True,eligible
2025-02-21,390,2025-02-21 09:30:00,2025-02-21 15:59:00,0,1,0.0,0.0,0.0,0.002564102564102564,09:30,15:59,True,True,Normal full session,390,True,True,0,0,True,eligible
2025-02-24,390,2025-02-24 09:30:00,2025-02-24 15:59:00,0,1,0.0,60.0,0.0,0.002564102564102564,09:30,15:59,True,True,Normal full session,390,True,True,0,0,True,eligible
2025-02-25,390,2025-02-25 09:30:00,2025-02-25 15:59:00,0,1,0.0,60.0,0.0,0.002564102564102564,09:30,15:59,True,True,Normal full session,390,True,True,0,0,True,eligible
2025-02-26,390,2025-02-26 09:30:00,2025-02-26 15:59:00,0,2,0.0,60.0,0.0,0.005128205128205128,09:30,15:59,True,True,Normal full session,390,True,True,0,0,True,eligible
2025-02-27,390,2025-02-27 09:30:00,2025-02-27 15:59:00,0,1,0.0,60.0,0.0,0.002564102564102564,09:30,15:59,True,True,Normal full session,390,True,True,0,0,True,eligible
2025-02-28,390,2025-02-28 09:30:00,2025-02-28 15:59:00,0,1,0.0,0.0,0.0,0.002564102564102564,09:30,15:59,True,True,Normal full session,390,True,True,0,0,True,eligible
2025-03-03,390,2025-03-03 09:30:00,2025-03-03 15:59:00,0,1,0.0,0.0,0.0,0.002564102564102564,09:30,15:59,True,True,Normal full session,390,True,True,0,0,True,eligible
2025-03-04,390,2025-03-04 09:30:00,2025-03-04 15:59:00,0,1,0.0,0.0,0.0,0.002564102564102564,09:30,15:59,True,True,Normal full session,390,True,True,0,0,True,eligible
2025-03-05,390,2025-03-05 09:30:00,2025-03-05 15:59:00,0,4,0.0,60.0,0.0,0.010256410256410256,09:30,15:59,True,True,Normal full session,390,True,True,0,0,True,eligible
2025-03-06,390,2025-03-06 09:30:00,2025-03-06 15:59:00,0,1,0.0,0.0,0.0,0.002564102564102564,09:30,15:59,True,True,Normal full session,390,True,True,0,0,True,eligible
2025-03-07,390,2025-03-07 09:30:00,2025-03-07 15:59:00,0,1,0.0,0.0,0.0,0.002564102564102564,09:30,15:59,True,True,Normal full session,390,True,True,0,0,True,eligible
2025-03-10,390,2025-03-10 09:30:00,2025-03-10 15:59:00,0,1,0.0,0.0,0.0,0.002564102564102564,09:30,15:59,True,True,Normal full session,390,True,True,0,0,True,eligible
2025-03-11,390,2025-03-11 09:30:00,2025-03-11 15:59:00,0,1,0.0,0.0,0.0,0.002564102564102564,09:30,15:59,True,True,Normal full session,390,True,True,0,0,True,eligible
2025-03-12,390,2025-03-12 09:30:00,2025-03-12 15:59:00,0,2,0.0,0.0,0.0,0.005128205128205128,09:30,15:59,True,True,Normal full session,390,True,True,0,0,True,eligible
2025-03-13,390,2025-03-13 09:30:00,2025-03-13 15:59:00,0,1,0.0,0.0,0.0,0.002564102564102564,09:30,15:59,True,True,Normal full session,390,True,True,0,0,True,eligible
2025-03-14,390,2025-03-14 09:30:00,2025-03-14 15:59:00,0,1,0.0,60.0,0.0,0.002564102564102564,09:30,15:59,True,True,Normal full session,390,True,True,0,0,True,eligible
2025-03-17,390,2025-03-17 09:30:00,2025-03-17 15:59:00,0,1,0.0,60.0,0.0,0.002564102564102564,09:30,15:59,True,True,Normal full session,390,True,True,0,0,True,eligible
2025-03-18,390,2025-03-18 09:30:00,2025-03-18 15:59:00,0,4,0.0,60.0,0.0,0.010256410256410256,09:30,15:59,True,True,Normal full session,390,True,True,0,0,True,eligible
2025-03-19,390,2025-03-19 09:30:00,2025-03-19 15:59:00,0,1,0.0,60.0,0.0,0.002564102564102564,09:30,15:59,True,True,Normal full session,390,True,True,0,0,True,eligible
2025-03-20,390,2025-03-20 09:30:00,2025-03-20 15:59:00,0,1,0.0,60.0,0.0,0.002564102564102564,09:30,15:59,True,True,Normal full session,390,True,True,0,0,True,eligible
2025-03-21,390,2025-03-21 09:30:00,2025-03-21 15:59:00,0,1,0.0,60.0,0.0,0.002564102564102564,09:30,15:59,True,True,Normal full session,390,True,True,0,0,True,eligible
2025-03-24,390,2025-03-24 09:30:00,2025-03-24 15:59:00,0,1,0.0,60.0,0.0,0.002564102564102564,09:30,15:59,True,True,Normal full session,390,True,True,0,0,True,eligible
2025-03-25,390,2025-03-25 09:30:00,2025-03-25 15:59:00,0,1,0.0,60.0,0.0,0.002564102564102564,09:30,15:59,True,True,Normal full session,390,True,True,0,0,True,eligible
2025-03-26,390,2025-03-26 09:30:00,2025-03-26 15:59:00,0,1,0.0,0.0,0.0,0.002564102564102564,09:30,15:59,True,True,Normal full session,390,True,True,0,0,True,eligible
2025-03-27,390,2025-03-27 09:30:00,2025-03-27 15:59:00,0,1,0.0,0.0,0.0,0.002564102564102564,09:30,15:59,True,True,Normal full session,390,True,True,0,0,True,eligible
2025-03-28,390,2025-03-28 09:30:00,2025-03-28 15:59:00,0,1,0.0,60.0,0.0,0.002564102564102564,09:30,15:59,True,True,Normal full session,390,True,True,0,0,True,eligible
2025-03-31,390,2025-03-31 09:30:00,2025-03-31 15:59:00,0,1,0.0,60.0,0.0,0.002564102564102564,09:30,15:59,True,True,Normal full session,390,True,True,0,0,True,eligible
2025-04-01,390,2025-04-01 09:30:00,2025-04-01 15:59:00,0,1,0.0,0.0,0.0,0.002564102564102564,09:30,15:59,True,True,Normal full session,390,True,True,0,0,True,eligible
2025-04-02,390,2025-04-02 09:30:00,2025-04-02 15:59:00,0,2,0.0,60.0,0.0,0.005128205128205128,09:30,15:59,True,True,Normal full session,390,True,True,0,0,True,eligible
2025-04-03,390,2025-04-03 09:30:00,2025-04-03 15:59:00,0,1,0.0,0.0,0.0,0.002564102564102564,09:30,15:59,True,True,Normal full session,390,True,True,0,0,True,eligible
2025-04-04,390,2025-04-04 09:30:00,2025-04-04 15:59:00,0,1,0.0,60.0,0.0,0.002564102564102564,09:30,15:59,True,True,Normal full session,390,True,True,0,0,True,eligible
2025-04-07,390,2025-04-07 09:30:00,2025-04-07 15:59:00,0,1,0.0,60.0,0.0,0.002564102564102564,09:30,15:59,True,True,Normal full session,390,True,True,0,0,True,eligible
2025-04-08,390,2025-04-08 09:30:00,2025-04-08 15:59:00,0,1,0.0,60.0,0.0,0.002564102564102564,09:30,15:59,True,True,Normal full session,390,True,True,0,0,True,eligible
2025-04-09,390,2025-04-09 09:30:00,2025-04-09 15:59:00,0,4,0.0,120.0,0.0,0.010256410256410256,09:30,15:59,True,True,Normal full session,390,True,True,0,0,True,eligible
2025-04-10,390,2025-04-10 09:30:00,2025-04-10 15:59:00,0,1,0.0,60.0,0.0,0.002564102564102564,09:30,15:59,True,True,Normal full session,390,True,True,0,0,True,eligible
2025-04-11,390,2025-04-11 09:30:00,2025-04-11 15:59:00,0,1,0.0,60.0,0.0,0.002564102564102564,09:30,15:59,True,True,Normal full session,390,True,True,0,0,True,eligible
2025-04-14,390,2025-04-14 09:30:00,2025-04-14 15:59:00,0,1,0.0,0.0,0.0,0.002564102564102564,09:30,15:59,True,True,Normal full session,390,True,True,0,0,True,eligible
2025-04-15,390,2025-04-15 09:30:00,2025-04-15 15:59:00,0,1,0.0,0.0,0.0,0.002564102564102564,09:30,15:59,True,True,Normal full session,390,True,True,0,0,True,eligible
2025-04-16,390,2025-04-16 09:30:00,2025-04-16 15:59:00,0,1,0.0,0.0,0.0,0.002564102564102564,09:30,15:59,True,True,Normal full session,390,True,True,0,0,True,eligible
2025-04-17,390,2025-04-17 09:30:00,2025-04-17 15:59:00,0,1,0.0,0.0,0.0,0.002564102564102564,09:30,15:59,True,True,Normal full session,390,True,True,0,0,True,eligible
2025-04-21,390,2025-04-21 09:30:00,2025-04-21 15:59:00,0,1,0.0,0.0,0.0,0.002564102564102564,09:30,15:59,True,True,Normal full session,390,True,True,0,0,True,eligible
2025-04-22,390,2025-04-22 09:30:00,2025-04-22 15:59:00,0,1,0.0,0.0,0.0,0.002564102564102564,09:30,15:59,True,True,Normal full session,390,True,True,0,0,True,eligible
2025-04-23,390,2025-04-23 09:30:00,2025-04-23 15:59:00,0,3,0.0,0.0,0.0,0.007692307692307693,09:30,15:59,True,True,Normal full session,390,True,True,0,0,True,eligible
2025-04-24,390,2025-04-24 09:30:00,2025-04-24 15:59:00,0,1,0.0,60.0,0.0,0.002564102564102564,09:30,15:59,True,True,Normal full session,390,True,True,0,0,True,eligible
2025-04-25,390,2025-04-25 09:30:00,2025-04-25 15:59:00,0,1,0.0,0.0,0.0,0.002564102564102564,09:30,15:59,True,True,Normal full session,390,True,True,0,0,True,eligible
2025-04-28,390,2025-04-28 09:30:00,2025-04-28 15:59:00,0,1,0.0,0.0,0.0,0.002564102564102564,09:30,15:59,True,True,Normal full session,390,True,True,0,0,True,eligible
2025-04-29,390,2025-04-29 09:30:00,2025-04-29 15:59:00,0,1,0.0,0.0,0.0,0.002564102564102564,09:30,15:59,True,True,Normal full session,390,True,True,0,0,True,eligible
2025-04-30,390,2025-04-30 09:30:00,2025-04-30 15:59:00,0,2,0.0,0.0,0.0,0.005128205128205128,09:30,15:59,True,True,Normal full session,390,True,True,0,0,True,eligible
2025-05-01,390,2025-05-01 09:30:00,2025-05-01 15:59:00,0,1,0.0,60.0,0.0,0.002564102564102564,09:30,15:59,True,True,Normal full session,390,True,True,0,0,True,eligible
2025-05-02,390,2025-05-02 09:30:00,2025-05-02 15:59:00,0,1,0.0,0.0,0.0,0.002564102564102564,09:30,15:59,True,True,Normal full session,390,True,True,0,0,True,eligible
2025-05-05,390,2025-05-05 09:30:00,2025-05-05 15:59:00,0,1,0.0,60.0,0.0,0.002564102564102564,09:30,15:59,True,True,Normal full session,390,True,True,0,0,True,eligible
2025-05-06,390,2025-05-06 09:30:00,2025-05-06 15:59:00,0,1,0.0,60.0,0.0,0.002564102564102564,09:30,15:59,True,True,Normal full session,390,True,True,0,0,True,eligible
2025-05-07,390,2025-05-07 09:30:00,2025-05-07 15:59:00,0,2,0.0,0.0,0.0,0.005128205128205128,09:30,15:59,True,True,Normal full session,390,True,True,0,0,True,eligible
2025-05-08,390,2025-05-08 09:30:00,2025-05-08 15:59:00,0,1,0.0,60.0,0.0,0.002564102564102564,09:30,15:59,True,True,Normal full session,390,True,True,0,0,True,eligible
2025-05-09,390,2025-05-09 09:30:00,2025-05-09 15:59:00,0,1,0.0,60.0,0.0,0.002564102564102564,09:30,15:59,True,True,Normal full session,390,True,True,0,0,True,eligible
2025-05-12,390,2025-05-12 09:30:00,2025-05-12 15:59:00,0,1,0.0,60.0,0.0,0.002564102564102564,09:30,15:59,True,True,Normal full session,390,True,True,0,0,True,eligible
2025-05-13,390,2025-05-13 09:30:00,2025-05-13 15:59:00,0,2,0.0,120.0,0.0,0.005128205128205128,09:30,15:59,True,True,Normal full session,390,True,True,0,0,True,eligible
2025-05-14,390,2025-05-14 09:30:00,2025-05-14 15:59:00,0,1,0.0,60.0,0.0,0.002564102564102564,09:30,15:59,True,True,Normal full session,390,True,True,0,0,True,eligible
2025-05-15,390,2025-05-15 09:30:00,2025-05-15 15:59:00,0,1,0.0,60.0,0.0,0.002564102564102564,09:30,15:59,True,True,Normal full session,390,True,True,0,0,True,eligible
2025-05-16,390,2025-05-16 09:30:00,2025-05-16 15:59:00,0,1,0.0,120.0,0.0,0.002564102564102564,09:30,15:59,True,True,Normal full session,390,True,True,0,0,True,eligible
2025-05-19,390,2025-05-19 09:30:00,2025-05-19 15:59:00,0,1,0.0,60.0,0.0,0.002564102564102564,09:30,15:59,True,True,Normal full session,390,True,True,0,0,True,eligible
2025-05-20,390,2025-05-20 09:30:00,2025-05-20 15:59:00,0,2,0.0,120.0,0.0,0.005128205128205128,09:30,15:59,True,True,Normal full session,390,True,True,0,1,False,1 missing VIX observations in final 120m
2025-05-21,390,2025-05-21 09:30:00,2025-05-21 15:59:00,0,2,0.0,60.0,0.0,0.005128205128205128,09:30,15:59,True,True,Normal full session,390,True,True,0,0,True,eligible
2025-05-22,390,2025-05-22 09:30:00,2025-05-22 15:59:00,0,1,0.0,60.0,0.0,0.002564102564102564,09:30,15:59,True,True,Normal full session,390,True,True,0,0,True,eligible
2025-05-23,390,2025-05-23 09:30:00,2025-05-23 15:59:00,0,1,0.0,60.0,0.0,0.002564102564102564,09:30,15:59,True,True,Normal full session,390,True,True,0,0,True,eligible
2025-05-27,390,2025-05-27 09:30:00,2025-05-27 15:59:00,0,1,0.0,120.0,0.0,0.002564102564102564,09:30,15:59,True,True,Normal full session,390,True,True,0,0,True,eligible
2025-05-28,390,2025-05-28 09:30:00,2025-05-28 15:59:00,0,1,0.0,60.0,0.0,0.002564102564102564,09:30,15:59,True,True,Normal full session,390,True,True,0,0,True,eligible
2025-05-29,390,2025-05-29 09:30:00,2025-05-29 15:59:00,0,1,0.0,0.0,0.0,0.002564102564102564,09:30,15:59,True,True,Normal full session,390,True,True,0,0,True,eligible
2025-05-30,390,2025-05-30 09:30:00,2025-05-30 15:59:00,0,1,0.0,0.0,0.0,0.002564102564102564,09:30,15:59,True,True,Normal full session,390,True,True,0,0,True,eligible
2025-06-02,390,2025-06-02 09:30:00,2025-06-02 15:59:00,0,1,0.0,60.0,0.0,0.002564102564102564,09:30,15:59,True,True,Normal full session,390,True,True,0,0,True,eligible
2025-06-03,390,2025-06-03 09:30:00,2025-06-03 15:59:00,0,2,0.0,120.0,0.0,0.005128205128205128,09:30,15:59,True,True,Normal full session,390,True,True,0,0,True,eligible
2025-06-04,390,2025-06-04 09:30:00,2025-06-04 15:59:00,0,1,0.0,120.0,0.0,0.002564102564102564,09:30,15:59,True,True,Normal full session,390,True,True,0,0,True,eligible
2025-06-05,390,2025-06-05 09:30:00,2025-06-05 15:59:00,0,1,0.0,60.0,0.0,0.002564102564102564,09:30,15:59,True,True,Normal full session,390,True,True,0,0,True,eligible
2025-06-06,390,2025-06-06 09:30:00,2025-06-06 15:59:00,0,1,0.0,60.0,0.0,0.002564102564102564,09:30,15:59,True,True,Normal full session,390,True,True,0,0,True,eligible
2025-06-09,390,2025-06-09 09:30:00,2025-06-09 15:59:00,0,2,0.0,120.0,0.0,0.005128205128205128,09:30,15:59,True,True,Normal full session,390,True,True,0,1,False,1 missing VIX observations in final 120m
2025-06-10,390,2025-06-10 09:30:00,2025-06-10 15:59:00,0,1,0.0,120.0,0.0,0.002564102564102564,09:30,15:59,True,True,Normal full session,390,True,True,0,0,True,eligible
2025-06-11,390,2025-06-11 09:30:00,2025-06-11 15:59:00,0,1,0.0,120.0,0.0,0.002564102564102564,09:30,15:59,True,True,Normal full session,390,True,True,0,0,True,eligible
2025-06-12,390,2025-06-12 09:30:00,2025-06-12 15:59:00,0,1,0.0,120.0,0.0,0.002564102564102564,09:30,15:59,True,True,Normal full session,390,True,True,0,0,True,eligible
2025-06-13,390,2025-06-13 09:30:00,2025-06-13 15:59:00,0,1,0.0,0.0,0.0,0.002564102564102564,09:30,15:59,True,True,Normal full session,390,True,True,0,0,True,eligible
2025-06-16,390,2025-06-16 09:30:00,2025-06-16 15:59:00,0,1,0.0,120.0,0.0,0.002564102564102564,09:30,15:59,True,True,Normal full session,390,True,True,0,0,True,eligible
2025-06-17,390,2025-06-17 09:30:00,2025-06-17 15:59:00,0,1,0.0,0.0,0.0,0.002564102564102564,09:30,15:59,True,True,Normal full session,390,True,True,0,0,True,eligible
2025-06-18,390,2025-06-18 09:30:00,2025-06-18 15:59:00,0,3,0.0,60.0,0.0,0.007692307692307693,09:30,15:59,True,True,Normal full session,390,True,True,0,0,True,eligible
2025-06-20,390,2025-06-20 09:30:00,2025-06-20 15:59:00,0,1,0.0,0.0,0.0,0.002564102564102564,09:30,15:59,True,True,Normal full session,390,True,True,0,0,True,eligible
2025-06-23,390,2025-06-23 09:30:00,2025-06-23 15:59:00,0,1,0.0,0.0,0.0,0.002564102564102564,09:30,15:59,True,True,Normal full session,390,True,True,0,0,True,eligible
2025-06-24,390,2025-06-24 09:30:00,2025-06-24 15:59:00,0,1,0.0,120.0,0.0,0.002564102564102564,09:30,15:59,True,True,Normal full session,390,True,True,0,0,True,eligible
2025-06-25,390,2025-06-25 09:30:00,2025-06-25 15:59:00,0,1,0.0,120.0,0.0,0.002564102564102564,09:30,15:59,True,True,Normal full session,390,True,True,0,0,True,eligible
2025-06-26,390,2025-06-26 09:30:00,2025-06-26 15:59:00,0,2,0.0,120.0,0.0,0.005128205128205128,09:30,15:59,True,True,Normal full session,390,True,True,0,1,False,1 missing VIX observations in final 120m
2025-06-27,390,2025-06-27 09:30:00,2025-06-27 15:59:00,0,2,0.0,120.0,0.0,0.005128205128205128,09:30,15:59,True,True,Normal full session,390,True,True,0,0,True,eligible
2025-06-30,390,2025-06-30 09:30:00,2025-06-30 15:59:00,0,1,0.0,60.0,0.0,0.002564102564102564,09:30,15:59,True,True,Normal full session,390,True,True,0,0,True,eligible
2025-07-01,390,2025-07-01 09:30:00,2025-07-01 15:59:00,0,1,0.0,60.0,0.0,0.002564102564102564,09:30,15:59,True,True,Normal full session,390,True,True,0,0,True,eligible
2025-07-02,390,2025-07-02 09:30:00,2025-07-02 15:59:00,0,1,0.0,120.0,0.0,0.002564102564102564,09:30,15:59,True,True,Normal full session,390,True,True,0,0,True,eligible
2025-07-03,211,2025-07-03 09:30:00,2025-07-03 13:00:00,0,1,0.0,120.0,0.0,0.004739336492890996,09:30,13:00,False,False,Likely early close,211,False,False,0,0,False,non-standard session length (211); missing 14:59 session anchor; missing 15:59 session anchor; no exact SPX observation at 14:59; no exact SPX observation at 15:59
2025-07-07,390,2025-07-07 09:30:00,2025-07-07 15:59:00,0,1,0.0,120.0,0.0,0.002564102564102564,09:30,15:59,True,True,Normal full session,390,True,True,0,0,True,eligible
2025-07-08,390,2025-07-08 09:30:00,2025-07-08 15:59:00,0,1,0.0,60.0,0.0,0.002564102564102564,09:30,15:59,True,True,Normal full session,390,True,True,0,0,True,eligible
2025-07-09,390,2025-07-09 09:30:00,2025-07-09 15:59:00,0,1,0.0,60.0,0.0,0.002564102564102564,09:30,15:59,True,True,Normal full session,390,True,True,0,0,True,eligible
2025-07-10,390,2025-07-10 09:30:00,2025-07-10 15:59:00,0,11,0.0,120.0,0.0,0.028205128205128206,09:30,15:59,True,True,Normal full session,390,True,True,0,10,False,10 missing VIX observations in final 120m
2025-07-11,390,2025-07-11 09:30:00,2025-07-11 15:59:00,0,1,0.0,120.0,0.0,0.002564102564102564,09:30,15:59,True,True,Normal full session,390,True,True,0,0,True,eligible
2025-07-14,390,2025-07-14 09:30:00,2025-07-14 15:59:00,0,8,0.0,120.0,0.0,0.020512820512820513,09:30,15:59,True,True,Normal full session,390,True,True,0,4,False,4 missing VIX observations in final 120m
2025-07-15,390,2025-07-15 09:30:00,2025-07-15 15:59:00,0,1,0.0,120.0,0.0,0.002564102564102564,09:30,15:59,True,True,Normal full session,390,True,True,0,0,True,eligible
2025-07-16,390,2025-07-16 09:30:00,2025-07-16 15:59:00,0,7,0.0,120.0,0.0,0.017948717948717947,09:30,15:59,True,True,Normal full session,390,True,True,0,0,True,eligible
2025-07-17,390,2025-07-17 09:30:00,2025-07-17 15:59:00,0,6,0.0,120.0,0.0,0.015384615384615385,09:30,15:59,True,True,Normal full session,390,True,True,0,3,False,3 missing VIX observations in final 120m
2025-07-18,390,2025-07-18 09:30:00,2025-07-18 15:59:00,0,4,0.0,120.0,0.0,0.010256410256410256,09:30,15:59,True,True,Normal full session,390,True,True,0,0,True,eligible
2025-07-21,390,2025-07-21 09:30:00,2025-07-21 15:59:00,0,8,0.0,120.0,0.0,0.020512820512820513,09:30,15:59,True,True,Normal full session,390,True,True,0,6,False,6 missing VIX observations in final 120m
2025-07-22,390,2025-07-22 09:30:00,2025-07-22 15:59:00,0,1,0.0,120.0,0.0,0.002564102564102564,09:30,15:59,True,True,Normal full session,390,True,True,0,0,True,eligible
2025-07-23,390,2025-07-23 09:30:00,2025-07-23 15:59:00,0,1,0.0,120.0,0.0,0.002564102564102564,09:30,15:59,True,True,Normal full session,390,True,True,0,0,True,eligible
2025-07-24,390,2025-07-24 09:30:00,2025-07-24 15:59:00,0,4,0.0,120.0,0.0,0.010256410256410256,09:30,15:59,True,True,Normal full session,390,True,True,0,1,False,1 missing VIX observations in final 120m
2025-07-25,390,2025-07-25 09:30:00,2025-07-25 15:59:00,0,1,0.0,120.0,0.0,0.002564102564102564,09:30,15:59,True,True,Normal full session,390,True,True,0,0,True,eligible
2025-07-28,390,2025-07-28 09:30:00,2025-07-28 15:59:00,0,1,0.0,120.0,0.0,0.002564102564102564,09:30,15:59,True,True,Normal full session,390,True,True,0,0,True,eligible
2025-07-29,390,2025-07-29 09:30:00,2025-07-29 15:59:00,0,1,0.0,120.0,0.0,0.002564102564102564,09:30,15:59,True,True,Normal full session,390,True,True,0,0,True,eligible
2025-07-30,390,2025-07-30 09:30:00,2025-07-30 15:59:00,0,4,0.0,120.0,0.0,0.010256410256410256,09:30,15:59,True,True,Normal full session,390,True,True,0,0,True,eligible
2025-07-31,390,2025-07-31 09:30:00,2025-07-31 15:59:00,0,1,0.0,0.0,0.0,0.002564102564102564,09:30,15:59,True,True,Normal full session,390,True,True,0,0,True,eligible
2025-08-01,390,2025-08-01 09:30:00,2025-08-01 15:59:00,0,1,0.0,0.0,0.0,0.002564102564102564,09:30,15:59,True,True,Normal full session,390,True,True,0,0,True,eligible
2025-08-04,390,2025-08-04 09:30:00,2025-08-04 15:59:00,0,1,0.0,60.0,0.0,0.002564102564102564,09:30,15:59,True,True,Normal full session,390,True,True,0,0,True,eligible
2025-08-05,390,2025-08-05 09:30:00,2025-08-05 15:59:00,0,1,0.0,60.0,0.0,0.002564102564102564,09:30,15:59,True,True,Normal full session,390,True,True,0,0,True,eligible
2025-08-06,390,2025-08-06 09:30:00,2025-08-06 15:59:00,0,1,0.0,60.0,0.0,0.002564102564102564,09:30,15:59,True,True,Normal full session,390,True,True,0,0,True,eligible
2025-08-07,390,2025-08-07 09:30:00,2025-08-07 15:59:00,0,1,0.0,0.0,0.0,0.002564102564102564,09:30,15:59,True,True,Normal full session,390,True,True,0,0,True,eligible
2025-08-08,390,2025-08-08 09:30:00,2025-08-08 15:59:00,0,1,0.0,60.0,0.0,0.002564102564102564,09:30,15:59,True,True,Normal full session,390,True,True,0,0,True,eligible
2025-08-11,390,2025-08-11 09:30:00,2025-08-11 15:59:00,0,1,0.0,120.0,0.0,0.002564102564102564,09:30,15:59,True,True,Normal full session,390,True,True,0,0,True,eligible
2025-08-12,390,2025-08-12 09:30:00,2025-08-12 15:59:00,0,1,0.0,120.0,0.0,0.002564102564102564,09:30,15:59,True,True,Normal full session,390,True,True,0,0,True,eligible
2025-08-13,390,2025-08-13 09:30:00,2025-08-13 15:59:00,0,1,0.0,120.0,0.0,0.002564102564102564,09:30,15:59,True,True,Normal full session,390,True,True,0,0,True,eligible
2025-08-14,390,2025-08-14 09:30:00,2025-08-14 15:59:00,0,1,0.0,120.0,0.0,0.002564102564102564,09:30,15:59,True,True,Normal full session,390,True,True,0,0,True,eligible
2025-08-15,390,2025-08-15 09:30:00,2025-08-15 15:59:00,0,2,0.0,120.0,0.0,0.005128205128205128,09:30,15:59,True,True,Normal full session,390,True,True,0,1,False,1 missing VIX observations in final 120m
2025-08-18,390,2025-08-18 09:30:00,2025-08-18 15:59:00,0,1,0.0,120.0,0.0,0.002564102564102564,09:30,15:59,True,True,Normal full session,390,True,True,0,0,True,eligible
2025-08-19,390,2025-08-19 09:30:00,2025-08-19 15:59:00,0,1,0.0,120.0,0.0,0.002564102564102564,09:30,15:59,True,True,Normal full session,390,True,True,0,0,True,eligible
2025-08-20,390,2025-08-20 09:30:00,2025-08-20 15:59:00,0,2,0.0,60.0,0.0,0.005128205128205128,09:30,15:59,True,True,Normal full session,390,True,True,0,0,True,eligible
2025-08-21,390,2025-08-21 09:30:00,2025-08-21 15:59:00,0,1,0.0,60.0,0.0,0.002564102564102564,09:30,15:59,True,True,Normal full session,390,True,True,0,0,True,eligible
2025-08-22,390,2025-08-22 09:30:00,2025-08-22 15:59:00,0,1,0.0,60.0,0.0,0.002564102564102564,09:30,15:59,True,True,Normal full session,390,True,True,0,0,True,eligible
2025-08-25,390,2025-08-25 09:30:00,2025-08-25 15:59:00,0,1,0.0,120.0,0.0,0.002564102564102564,09:30,15:59,True,True,Normal full session,390,True,True,0,0,True,eligible
2025-08-26,390,2025-08-26 09:30:00,2025-08-26 15:59:00,0,1,0.0,120.0,0.0,0.002564102564102564,09:30,15:59,True,True,Normal full session,390,True,True,0,0,True,eligible
2025-08-27,390,2025-08-27 09:30:00,2025-08-27 15:59:00,0,5,0.0,120.0,0.0,0.01282051282051282,09:30,15:59,True,True,Normal full session,390,True,True,0,2,False,2 missing VIX observations in final 120m
2025-08-28,390,2025-08-28 09:30:00,2025-08-28 15:59:00,0,3,0.0,120.0,0.0,0.007692307692307693,09:30,15:59,True,True,Normal full session,390,True,True,0,1,False,1 missing VIX observations in final 120m
2025-08-29,390,2025-08-29 09:30:00,2025-08-29 15:59:00,0,1,0.0,60.0,0.0,0.002564102564102564,09:30,15:59,True,True,Normal full session,390,True,True,0,0,True,eligible
2025-09-02,390,2025-09-02 09:30:00,2025-09-02 15:59:00,0,1,0.0,0.0,0.0,0.002564102564102564,09:30,15:59,True,True,Normal full session,390,True,True,0,0,True,eligible
2025-09-03,390,2025-09-03 09:30:00,2025-09-03 15:59:00,0,2,0.0,60.0,0.0,0.005128205128205128,09:30,15:59,True,True,Normal full session,390,True,True,0,0,True,eligible
2025-09-04,390,2025-09-04 09:30:00,2025-09-04 15:59:00,0,2,0.0,120.0,0.0,0.005128205128205128,09:30,15:59,True,True,Normal full session,390,True,True,0,1,False,1 missing VIX observations in final 120m
2025-09-05,390,2025-09-05 09:30:00,2025-09-05 15:59:00,0,1,0.0,60.0,0.0,0.002564102564102564,09:30,15:59,True,True,Normal full session,390,True,True,0,0,True,eligible
2025-09-08,390,2025-09-08 09:30:00,2025-09-08 15:59:00,0,3,0.0,120.0,0.0,0.007692307692307693,09:30,15:59,True,True,Normal full session,390,True,True,0,2,False,2 missing VIX observations in final 120m
2025-09-09,390,2025-09-09 09:30:00,2025-09-09 15:59:00,0,1,0.0,120.0,0.0,0.002564102564102564,09:30,15:59,True,True,Normal full session,390,True,True,0,0,True,eligible
2025-09-10,390,2025-09-10 09:30:00,2025-09-10 15:59:00,0,1,0.0,120.0,0.0,0.002564102564102564,09:30,15:59,True,True,Normal full session,390,True,True,0,0,True,eligible
2025-09-11,390,2025-09-11 09:30:00,2025-09-11 15:59:00,0,1,0.0,120.0,0.0,0.002564102564102564,09:30,15:59,True,True,Normal full session,390,True,True,0,0,True,eligible
2025-09-12,390,2025-09-12 09:30:00,2025-09-12 15:59:00,0,3,0.0,120.0,0.0,0.007692307692307693,09:30,15:59,True,True,Normal full session,390,True,True,0,2,False,2 missing VIX observations in final 120m
2025-09-15,390,2025-09-15 09:30:00,2025-09-15 15:59:00,0,3,0.0,120.0,0.0,0.007692307692307693,09:30,15:59,True,True,Normal full session,390,True,True,0,0,True,eligible
2025-09-16,390,2025-09-16 09:30:00,2025-09-16 15:59:00,0,3,0.0,120.0,0.0,0.007692307692307693,09:30,15:59,True,True,Normal full session,390,True,True,0,2,False,2 missing VIX observations in final 120m
2025-09-17,390,2025-09-17 09:30:00,2025-09-17 15:59:00,0,3,0.0,120.0,0.0,0.007692307692307693,09:30,15:59,True,True,Normal full session,390,True,True,0,0,True,eligible
2025-09-18,390,2025-09-18 09:30:00,2025-09-18 15:59:00,0,1,0.0,120.0,0.0,0.002564102564102564,09:30,15:59,True,True,Normal full session,390,True,True,0,0,True,eligible
2025-09-19,390,2025-09-19 09:30:00,2025-09-19 15:59:00,0,4,0.0,120.0,0.0,0.010256410256410256,09:30,15:59,True,True,Normal full session,390,True,True,0,3,False,3 missing VIX observations in final 120m
2025-09-22,390,2025-09-22 09:30:00,2025-09-22 15:59:00,0,6,0.0,120.0,0.0,0.015384615384615385,09:30,15:59,True,True,Normal full session,390,True,True,0,2,False,2 missing VIX observations in final 120m
2025-09-23,390,2025-09-23 09:30:00,2025-09-23 15:59:00,0,1,0.0,120.0,0.0,0.002564102564102564,09:30,15:59,True,True,Normal full session,390,True,True,0,0,True,eligible
2025-09-24,390,2025-09-24 09:30:00,2025-09-24 15:59:00,0,1,0.0,60.0,0.0,0.002564102564102564,09:30,15:59,True,True,Normal full session,390,True,True,0,0,True,eligible
2025-09-25,390,2025-09-25 09:30:00,2025-09-25 15:59:00,0,1,0.0,60.0,0.0,0.002564102564102564,09:30,15:59,True,True,Normal full session,390,True,True,0,0,True,eligible
2025-09-26,390,2025-09-26 09:30:00,2025-09-26 15:59:00,0,1,0.0,60.0,0.0,0.002564102564102564,09:30,15:59,True,True,Normal full session,390,True,True,0,0,True,eligible
2025-09-29,390,2025-09-29 09:30:00,2025-09-29 15:59:00,0,1,0.0,60.0,0.0,0.002564102564102564,09:30,15:59,True,True,Normal full session,390,True,True,0,0,True,eligible
2025-09-30,390,2025-09-30 09:30:00,2025-09-30 15:59:00,0,1,0.0,120.0,0.0,0.002564102564102564,09:30,15:59,True,True,Normal full session,390,True,True,0,0,True,eligible
2025-10-01,390,2025-10-01 09:30:00,2025-10-01 15:59:00,0,2,0.0,120.0,0.0,0.005128205128205128,09:30,15:59,True,True,Normal full session,390,True,True,0,1,False,1 missing VIX observations in final 120m
2025-10-02,390,2025-10-02 09:30:00,2025-10-02 15:59:00,0,1,0.0,60.0,0.0,0.002564102564102564,09:30,15:59,True,True,Normal full session,390,True,True,0,0,True,eligible
2025-10-03,390,2025-10-03 09:30:00,2025-10-03 15:59:00,0,1,0.0,120.0,0.0,0.002564102564102564,09:30,15:59,True,True,Normal full session,390,True,True,0,0,True,eligible
2025-10-06,390,2025-10-06 09:30:00,2025-10-06 15:59:00,0,4,0.0,120.0,0.0,0.010256410256410256,09:30,15:59,True,True,Normal full session,390,True,True,0,3,False,3 missing VIX observations in final 120m
2025-10-07,390,2025-10-07 09:30:00,2025-10-07 15:59:00,0,1,0.0,60.0,0.0,0.002564102564102564,09:30,15:59,True,True,Normal full session,390,True,True,0,0,True,eligible
2025-10-08,390,2025-10-08 09:30:00,2025-10-08 15:59:00,0,3,0.0,120.0,0.0,0.007692307692307693,09:30,15:59,True,True,Normal full session,390,True,True,0,1,False,1 missing VIX observations in final 120m
2025-10-09,390,2025-10-09 09:30:00,2025-10-09 15:59:00,0,1,0.0,60.0,0.0,0.002564102564102564,09:30,15:59,True,True,Normal full session,390,True,True,0,0,True,eligible
2025-10-10,390,2025-10-10 09:30:00,2025-10-10 15:59:00,0,1,0.0,60.0,0.0,0.002564102564102564,09:30,15:59,True,True,Normal full session,390,True,True,0,0,True,eligible
2025-10-13,390,2025-10-13 09:30:00,2025-10-13 15:59:00,0,1,0.0,60.0,0.0,0.002564102564102564,09:30,15:59,True,True,Normal full session,390,True,True,0,0,True,eligible
2025-10-14,390,2025-10-14 09:30:00,2025-10-14 15:59:00,0,1,0.0,60.0,0.0,0.002564102564102564,09:30,15:59,True,True,Normal full session,390,True,True,0,0,True,eligible
2025-10-15,390,2025-10-15 09:30:00,2025-10-15 15:59:00,0,1,0.0,0.0,0.0,0.002564102564102564,09:30,15:59,True,True,Normal full session,390,True,True,0,0,True,eligible
2025-10-16,390,2025-10-16 09:30:00,2025-10-16 15:59:00,0,1,0.0,0.0,0.0,0.002564102564102564,09:30,15:59,True,True,Normal full session,390,True,True,0,0,True,eligible
2025-10-17,390,2025-10-17 09:30:00,2025-10-17 15:59:00,0,1,0.0,0.0,0.0,0.002564102564102564,09:30,15:59,True,True,Normal full session,390,True,True,0,0,True,eligible
2025-10-20,390,2025-10-20 09:30:00,2025-10-20 15:59:00,0,2,0.0,120.0,0.0,0.005128205128205128,09:30,15:59,True,True,Normal full session,390,True,True,0,1,False,1 missing VIX observations in final 120m
2025-10-21,390,2025-10-21 09:30:00,2025-10-21 15:59:00,0,2,0.0,120.0,0.0,0.005128205128205128,09:30,15:59,True,True,Normal full session,390,True,True,0,0,True,eligible
2025-10-22,390,2025-10-22 09:30:00,2025-10-22 15:59:00,0,11,0.0,120.0,0.0,0.028205128205128206,09:30,15:59,True,True,Normal full session,390,True,True,0,7,False,7 missing VIX observations in final 120m
2025-10-23,390,2025-10-23 09:30:00,2025-10-23 15:59:00,0,2,0.0,120.0,0.0,0.005128205128205128,09:30,15:59,True,True,Normal full session,390,True,True,0,0,True,eligible
2025-10-24,390,2025-10-24 09:30:00,2025-10-24 15:59:00,0,1,0.0,120.0,0.0,0.002564102564102564,09:30,15:59,True,True,Normal full session,390,True,True,0,0,True,eligible
2025-10-27,390,2025-10-27 09:30:00,2025-10-27 15:59:00,0,6,0.0,120.0,0.0,0.015384615384615385,09:30,15:59,True,True,Normal full session,390,True,True,0,3,False,3 missing VIX observations in final 120m
2025-10-28,390,2025-10-28 09:30:00,2025-10-28 15:59:00,0,4,0.0,120.0,0.0,0.010256410256410256,09:30,15:59,True,True,Normal full session,390,True,True,0,3,False,3 missing VIX observations in final 120m
2025-10-29,390,2025-10-29 09:30:00,2025-10-29 15:59:00,0,1,0.0,120.0,0.0,0.002564102564102564,09:30,15:59,True,True,Normal full session,390,True,True,0,0,True,eligible
2025-10-30,390,2025-10-30 09:30:00,2025-10-30 15:59:00,0,1,0.0,60.0,0.0,0.002564102564102564,09:30,15:59,True,True,Normal full session,390,True,True,0,0,True,eligible
2025-10-31,390,2025-10-31 09:30:00,2025-10-31 15:59:00,0,1,0.0,120.0,0.0,0.002564102564102564,09:30,15:59,True,True,Normal full session,390,True,True,0,0,True,eligible
2025-11-03,390,2025-11-03 09:30:00,2025-11-03 15:59:00,0,1,0.0,120.0,0.0,0.002564102564102564,09:30,15:59,True,True,Normal full session,390,True,True,0,0,True,eligible
2025-11-04,390,2025-11-04 09:30:00,2025-11-04 15:59:00,0,1,0.0,60.0,0.0,0.002564102564102564,09:30,15:59,True,True,Normal full session,390,True,True,0,0,True,eligible
2025-11-05,390,2025-11-05 09:30:00,2025-11-05 15:59:00,0,1,0.0,120.0,0.0,0.002564102564102564,09:30,15:59,True,True,Normal full session,390,True,True,0,0,True,eligible
2025-11-06,390,2025-11-06 09:30:00,2025-11-06 15:59:00,0,1,0.0,60.0,0.0,0.002564102564102564,09:30,15:59,True,True,Normal full session,390,True,True,0,0,True,eligible
2025-11-07,390,2025-11-07 09:30:00,2025-11-07 15:59:00,0,1,0.0,0.0,0.0,0.002564102564102564,09:30,15:59,True,True,Normal full session,390,True,True,0,0,True,eligible
2025-11-10,390,2025-11-10 09:30:00,2025-11-10 15:59:00,0,1,0.0,60.0,0.0,0.002564102564102564,09:30,15:59,True,True,Normal full session,390,True,True,0,0,True,eligible
2025-11-11,390,2025-11-11 09:30:00,2025-11-11 15:59:00,0,1,0.0,120.0,0.0,0.002564102564102564,09:30,15:59,True,True,Normal full session,390,True,True,0,0,True,eligible
2025-11-12,390,2025-11-12 09:30:00,2025-11-12 15:59:00,0,2,0.0,60.0,0.0,0.005128205128205128,09:30,15:59,True,True,Normal full session,390,True,True,0,0,True,eligible
2025-11-13,390,2025-11-13 09:30:00,2025-11-13 15:59:00,0,1,0.0,0.0,0.0,0.002564102564102564,09:30,15:59,True,True,Normal full session,390,True,True,0,0,True,eligible
2025-11-14,390,2025-11-14 09:30:00,2025-11-14 15:59:00,0,1,0.0,0.0,0.0,0.002564102564102564,09:30,15:59,True,True,Normal full session,390,True,True,0,0,True,eligible
2025-11-17,390,2025-11-17 09:30:00,2025-11-17 15:59:00,0,1,0.0,0.0,0.0,0.002564102564102564,09:30,15:59,True,True,Normal full session,390,True,True,0,0,True,eligible
2025-11-18,390,2025-11-18 09:30:00,2025-11-18 15:59:00,0,1,0.0,0.0,0.0,0.002564102564102564,09:30,15:59,True,True,Normal full session,390,True,True,0,0,True,eligible
2025-11-19,390,2025-11-19 09:30:00,2025-11-19 15:59:00,0,2,0.0,0.0,0.0,0.005128205128205128,09:30,15:59,True,True,Normal full session,390,True,True,0,0,True,eligible
2025-11-20,390,2025-11-20 09:30:00,2025-11-20 15:59:00,0,1,0.0,0.0,0.0,0.002564102564102564,09:30,15:59,True,True,Normal full session,390,True,True,0,0,True,eligible
2025-11-21,390,2025-11-21 09:30:00,2025-11-21 15:59:00,0,1,0.0,0.0,0.0,0.002564102564102564,09:30,15:59,True,True,Normal full session,390,True,True,0,0,True,eligible
2025-11-24,390,2025-11-24 09:30:00,2025-11-24 15:59:00,0,1,0.0,60.0,0.0,0.002564102564102564,09:30,15:59,True,True,Normal full session,390,True,True,0,0,True,eligible
2025-11-25,390,2025-11-25 09:30:00,2025-11-25 15:59:00,0,1,0.0,60.0,0.0,0.002564102564102564,09:30,15:59,True,True,Normal full session,390,True,True,0,0,True,eligible
2025-11-26,390,2025-11-26 09:30:00,2025-11-26 15:59:00,0,1,0.0,120.0,0.0,0.002564102564102564,09:30,15:59,True,True,Normal full session,390,True,True,0,0,True,eligible
2025-11-28,211,2025-11-28 09:30:00,2025-11-28 13:00:00,0,1,0.0,120.0,0.0,0.004739336492890996,09:30,13:00,False,False,Likely early close,211,False,False,0,0,False,non-standard session length (211); missing 14:59 session anchor; missing 15:59 session anchor; no exact SPX observation at 14:59; no exact SPX observation at 15:59
2025-12-01,390,2025-12-01 09:30:00,2025-12-01 15:59:00,0,1,0.0,60.0,0.0,0.002564102564102564,09:30,15:59,True,True,Normal full session,390,True,True,0,0,True,eligible
2025-12-02,390,2025-12-02 09:30:00,2025-12-02 15:59:00,0,1,0.0,60.0,0.0,0.002564102564102564,09:30,15:59,True,True,Normal full session,390,True,True,0,0,True,eligible
2025-12-03,390,2025-12-03 09:30:00,2025-12-03 15:59:00,0,2,0.0,120.0,0.0,0.005128205128205128,09:30,15:59,True,True,Normal full session,390,True,True,0,0,True,eligible
2025-12-04,390,2025-12-04 09:30:00,2025-12-04 15:59:00,0,1,0.0,60.0,0.0,0.002564102564102564,09:30,15:59,True,True,Normal full session,390,True,True,0,0,True,eligible
2025-12-05,390,2025-12-05 09:30:00,2025-12-05 15:59:00,0,1,0.0,60.0,0.0,0.002564102564102564,09:30,15:59,True,True,Normal full session,390,True,True,0,0,True,eligible
2025-12-08,390,2025-12-08 09:30:00,2025-12-08 15:59:00,0,1,0.0,60.0,0.0,0.002564102564102564,09:30,15:59,True,True,Normal full session,390,True,True,0,0,True,eligible
2025-12-09,390,2025-12-09 09:30:00,2025-12-09 15:59:00,0,1,0.0,60.0,0.0,0.002564102564102564,09:30,15:59,True,True,Normal full session,390,True,True,0,0,True,eligible
2025-12-10,390,2025-12-10 09:30:00,2025-12-10 15:59:00,0,2,0.0,60.0,0.0,0.005128205128205128,09:30,15:59,True,True,Normal full session,390,True,True,0,0,True,eligible
2025-12-11,390,2025-12-11 09:30:00,2025-12-11 15:59:00,0,1,0.0,60.0,0.0,0.002564102564102564,09:30,15:59,True,True,Normal full session,390,True,True,0,0,True,eligible
2025-12-12,390,2025-12-12 09:30:00,2025-12-12 15:59:00,0,1,0.0,0.0,0.0,0.002564102564102564,09:30,15:59,True,True,Normal full session,390,True,True,0,0,True,eligible
2025-12-15,390,2025-12-15 09:30:00,2025-12-15 15:59:00,0,1,0.0,60.0,0.0,0.002564102564102564,09:30,15:59,True,True,Normal full session,390,True,True,0,0,True,eligible
2025-12-16,390,2025-12-16 09:30:00,2025-12-16 15:59:00,0,1,0.0,0.0,0.0,0.002564102564102564,09:30,15:59,True,True,Normal full session,390,True,True,0,0,True,eligible
2025-12-17,390,2025-12-17 09:30:00,2025-12-17 15:59:00,0,1,0.0,0.0,0.0,0.002564102564102564,09:30,15:59,True,True,Normal full session,390,True,True,0,0,True,eligible
2025-12-18,390,2025-12-18 09:30:00,2025-12-18 15:59:00,0,1,0.0,60.0,0.0,0.002564102564102564,09:30,15:59,True,True,Normal full session,390,True,True,0,0,True,eligible
2025-12-19,390,2025-12-19 09:30:00,2025-12-19 15:59:00,0,1,0.0,120.0,0.0,0.002564102564102564,09:30,15:59,True,True,Normal full session,390,True,True,0,0,True,eligible
2025-12-22,390,2025-12-22 09:30:00,2025-12-22 15:59:00,0,2,0.0,120.0,0.0,0.005128205128205128,09:30,15:59,True,True,Normal full session,390,True,True,0,1,False,1 missing VIX observations in final 120m
2025-12-23,390,2025-12-23 09:30:00,2025-12-23 15:59:00,0,13,0.0,120.0,0.0,0.03333333333333333,09:30,15:59,True,True,Normal full session,390,True,True,0,5,False,5 missing VIX observations in final 120m
2025-12-24,211,2025-12-24 09:30:00,2025-12-24 13:00:00,0,4,0.0,120.0,0.0,0.018957345971563982,09:30,13:00,False,False,Likely early close,211,False,False,0,0,False,non-standard session length (211); missing 14:59 session anchor; missing 15:59 session anchor; no exact SPX observation at 14:59; no exact SPX observation at 15:59
2025-12-26,390,2025-12-26 09:30:00,2025-12-26 15:59:00,0,5,0.0,120.0,0.0,0.01282051282051282,09:30,15:59,True,True,Normal full session,390,True,True,0,4,False,4 missing VIX observations in final 120m
2025-12-29,390,2025-12-29 09:30:00,2025-12-29 15:59:00,0,2,0.0,120.0,0.0,0.005128205128205128,09:30,15:59,True,True,Normal full session,390,True,True,0,0,True,eligible
2025-12-30,390,2025-12-30 09:30:00,2025-12-30 15:59:00,0,6,0.0,120.0,0.0,0.015384615384615385,09:30,15:59,True,True,Normal full session,390,True,True,0,3,False,3 missing VIX observations in final 120m
2025-12-31,390,2025-12-31 09:30:00,2025-12-31 15:59:00,0,3,0.0,120.0,0.0,0.007692307692307693,09:30,15:59,True,True,Normal full session,390,True,True,0,0,True,eligible
2026-01-02,390,2026-01-02 09:30:00,2026-01-02 15:59:00,0,1,0.0,60.0,0.0,0.002564102564102564,09:30,15:59,True,True,Normal full session,390,True,True,0,0,True,eligible
2026-01-05,390,2026-01-05 09:30:00,2026-01-05 15:59:00,0,1,0.0,120.0,0.0,0.002564102564102564,09:30,15:59,True,True,Normal full session,390,True,True,0,0,True,eligible
2026-01-06,390,2026-01-06 09:30:00,2026-01-06 15:59:00,0,5,0.0,120.0,0.0,0.01282051282051282,09:30,15:59,True,True,Normal full session,390,True,True,0,3,False,3 missing VIX observations in final 120m
2026-01-07,390,2026-01-07 09:30:00,2026-01-07 15:59:00,0,2,0.0,120.0,0.0,0.005128205128205128,09:30,15:59,True,True,Normal full session,390,True,True,0,0,True,eligible
2026-01-08,390,2026-01-08 09:30:00,2026-01-08 15:59:00,0,1,0.0,60.0,0.0,0.002564102564102564,09:30,15:59,True,True,Normal full session,390,True,True,0,0,True,eligible
2026-01-09,390,2026-01-09 09:30:00,2026-01-09 15:59:00,0,1,0.0,120.0,0.0,0.002564102564102564,09:30,15:59,True,True,Normal full session,390,True,True,0,0,True,eligible
2026-01-12,390,2026-01-12 09:30:00,2026-01-12 15:59:00,0,7,0.0,120.0,0.0,0.017948717948717947,09:30,15:59,True,True,Normal full session,390,True,True,0,3,False,3 missing VIX observations in final 120m
2026-01-13,390,2026-01-13 09:30:00,2026-01-13 15:59:00,0,1,0.0,60.0,0.0,0.002564102564102564,09:30,15:59,True,True,Normal full session,390,True,True,0,0,True,eligible
2026-01-14,390,2026-01-14 09:30:00,2026-01-14 15:59:00,0,2,0.0,0.0,0.0,0.005128205128205128,09:30,15:59,True,True,Normal full session,390,True,True,0,0,True,eligible
2026-01-15,390,2026-01-15 09:30:00,2026-01-15 15:59:00,0,1,0.0,120.0,0.0,0.002564102564102564,09:30,15:59,True,True,Normal full session,390,True,True,0,0,True,eligible
2026-01-16,390,2026-01-16 09:30:00,2026-01-16 15:59:00,0,1,0.0,120.0,0.0,0.002564102564102564,09:30,15:59,True,True,Normal full session,390,True,True,0,0,True,eligible
2026-01-20,390,2026-01-20 09:30:00,2026-01-20 15:59:00,0,1,0.0,0.0,0.0,0.002564102564102564,09:30,15:59,True,True,Normal full session,390,True,True,0,0,True,eligible
2026-01-21,390,2026-01-21 09:30:00,2026-01-21 15:59:00,0,2,0.0,60.0,0.0,0.005128205128205128,09:30,15:59,True,True,Normal full session,390,True,True,0,0,True,eligible
2026-01-22,390,2026-01-22 09:30:00,2026-01-22 15:59:00,0,1,0.0,60.0,0.0,0.002564102564102564,09:30,15:59,True,True,Normal full session,390,True,True,0,0,True,eligible
2026-01-23,390,2026-01-23 09:30:00,2026-01-23 15:59:00,0,1,0.0,60.0,0.0,0.002564102564102564,09:30,15:59,True,True,Normal full session,390,True,True,0,0,True,eligible
2026-01-26,390,2026-01-26 09:30:00,2026-01-26 15:59:00,0,1,0.0,120.0,0.0,0.002564102564102564,09:30,15:59,True,True,Normal full session,390,True,True,0,0,True,eligible
2026-01-27,390,2026-01-27 09:30:00,2026-01-27 15:59:00,0,7,0.0,120.0,0.0,0.017948717948717947,09:30,15:59,True,True,Normal full session,390,True,True,0,4,False,4 missing VIX observations in final 120m
2026-01-28,390,2026-01-28 09:30:00,2026-01-28 15:59:00,0,1,0.0,60.0,0.0,0.002564102564102564,09:30,15:59,True,True,Normal full session,390,True,True,0,0,True,eligible
2026-01-29,390,2026-01-29 09:30:00,2026-01-29 15:59:00,0,1,0.0,0.0,0.0,0.002564102564102564,09:30,15:59,True,True,Normal full session,390,True,True,0,0,True,eligible
2026-01-30,390,2026-01-30 09:30:00,2026-01-30 15:59:00,0,1,0.0,0.0,0.0,0.002564102564102564,09:30,15:59,True,True,Normal full session,390,True,True,0,0,True,eligible
2026-02-02,390,2026-02-02 09:30:00,2026-02-02 15:59:00,0,1,0.0,60.0,0.0,0.002564102564102564,09:30,15:59,True,True,Normal full session,390,True,True,0,0,True,eligible
2026-02-03,390,2026-02-03 09:30:00,2026-02-03 15:59:00,0,1,0.0,0.0,0.0,0.002564102564102564,09:30,15:59,True,True,Normal full session,390,True,True,0,0,True,eligible
2026-02-04,390,2026-02-04 09:30:00,2026-02-04 15:59:00,0,1,0.0,0.0,0.0,0.002564102564102564,09:30,15:59,True,True,Normal full session,390,True,True,0,0,True,eligible
2026-02-05,390,2026-02-05 09:30:00,2026-02-05 15:59:00,0,1,0.0,0.0,0.0,0.002564102564102564,09:30,15:59,True,True,Normal full session,390,True,True,0,0,True,eligible
2026-02-06,390,2026-02-06 09:30:00,2026-02-06 15:59:00,0,1,0.0,60.0,0.0,0.002564102564102564,09:30,15:59,True,True,Normal full session,390,True,True,0,0,True,eligible
2026-02-09,390,2026-02-09 09:30:00,2026-02-09 15:59:00,0,1,0.0,60.0,0.0,0.002564102564102564,09:30,15:59,True,True,Normal full session,390,True,True,0,0,True,eligible
2026-02-10,390,2026-02-10 09:30:00,2026-02-10 15:59:00,0,1,0.0,60.0,0.0,0.002564102564102564,09:30,15:59,True,True,Normal full session,390,True,True,0,0,True,eligible
2026-02-11,390,2026-02-11 09:30:00,2026-02-11 15:59:00,0,2,0.0,60.0,0.0,0.005128205128205128,09:30,15:59,True,True,Normal full session,390,True,True,0,0,True,eligible
2026-02-12,390,2026-02-12 09:30:00,2026-02-12 15:59:00,0,1,0.0,60.0,0.0,0.002564102564102564,09:30,15:59,True,True,Normal full session,390,True,True,0,0,True,eligible
2026-02-13,390,2026-02-13 09:30:00,2026-02-13 15:59:00,0,1,0.0,0.0,0.0,0.002564102564102564,09:30,15:59,True,True,Normal full session,390,True,True,0,0,True,eligible
2026-02-17,390,2026-02-17 09:30:00,2026-02-17 15:59:00,0,1,0.0,0.0,0.0,0.002564102564102564,09:30,15:59,True,True,Normal full session,390,True,True,0,0,True,eligible
2026-02-18,390,2026-02-18 09:30:00,2026-02-18 15:59:00,0,1,0.0,60.0,0.0,0.002564102564102564,09:30,15:59,True,True,Normal full session,390,True,True,0,0,True,eligible
2026-02-19,390,2026-02-19 09:30:00,2026-02-19 15:59:00,0,1,0.0,0.0,0.0,0.002564102564102564,09:30,15:59,True,True,Normal full session,390,True,True,0,0,True,eligible
2026-02-20,390,2026-02-20 09:30:00,2026-02-20 15:59:00,0,1,0.0,0.0,0.0,0.002564102564102564,09:30,15:59,True,True,Normal full session,390,True,True,0,0,True,eligible
2026-02-23,390,2026-02-23 09:30:00,2026-02-23 15:59:00,0,1,0.0,60.0,0.0,0.002564102564102564,09:30,15:59,True,True,Normal full session,390,True,True,0,0,True,eligible
2026-02-24,390,2026-02-24 09:30:00,2026-02-24 15:59:00,0,1,0.0,60.0,0.0,0.002564102564102564,09:30,15:59,True,True,Normal full session,390,True,True,0,0,True,eligible
2026-02-25,390,2026-02-25 09:30:00,2026-02-25 15:59:00,0,2,0.0,120.0,0.0,0.005128205128205128,09:30,15:59,True,True,Normal full session,390,True,True,0,0,True,eligible
2026-02-26,390,2026-02-26 09:30:00,2026-02-26 15:59:00,0,1,0.0,60.0,0.0,0.002564102564102564,09:30,15:59,True,True,Normal full session,390,True,True,0,0,True,eligible
2026-02-27,390,2026-02-27 09:30:00,2026-02-27 15:59:00,0,1,0.0,0.0,0.0,0.002564102564102564,09:30,15:59,True,True,Normal full session,390,True,True,0,0,True,eligible
2026-03-02,390,2026-03-02 09:30:00,2026-03-02 15:59:00,0,1,0.0,0.0,0.0,0.002564102564102564,09:30,15:59,True,True,Normal full session,390,True,True,0,0,True,eligible
2026-03-03,390,2026-03-03 09:30:00,2026-03-03 15:59:00,0,3,0.0,0.0,0.0,0.007692307692307693,09:30,15:59,True,True,Normal full session,390,True,True,0,0,True,eligible
2026-03-04,390,2026-03-04 09:30:00,2026-03-04 15:59:00,0,1,0.0,0.0,0.0,0.002564102564102564,09:30,15:59,True,True,Normal full session,390,True,True,0,0,True,eligible
2026-03-05,390,2026-03-05 09:30:00,2026-03-05 15:59:00,0,1,0.0,0.0,0.0,0.002564102564102564,09:30,15:59,True,True,Normal full session,390,True,True,0,0,True,eligible
2026-03-06,390,2026-03-06 09:30:00,2026-03-06 15:59:00,0,1,0.0,60.0,0.0,0.002564102564102564,09:30,15:59,True,True,Normal full session,390,True,True,0,0,True,eligible
2026-03-09,390,2026-03-09 09:30:00,2026-03-09 15:59:00,0,1,0.0,0.0,0.0,0.002564102564102564,09:30,15:59,True,True,Normal full session,390,True,True,0,0,True,eligible
2026-03-10,390,2026-03-10 09:30:00,2026-03-10 15:59:00,0,1,0.0,0.0,0.0,0.002564102564102564,09:30,15:59,True,True,Normal full session,390,True,True,0,0,True,eligible
2026-03-11,390,2026-03-11 09:30:00,2026-03-11 15:59:00,0,2,0.0,0.0,0.0,0.005128205128205128,09:30,15:59,True,True,Normal full session,390,True,True,0,0,True,eligible
2026-03-12,390,2026-03-12 09:30:00,2026-03-12 15:59:00,0,1,0.0,0.0,0.0,0.002564102564102564,09:30,15:59,True,True,Normal full session,390,True,True,0,0,True,eligible
2026-03-13,390,2026-03-13 09:30:00,2026-03-13 15:59:00,0,1,0.0,0.0,0.0,0.002564102564102564,09:30,15:59,True,True,Normal full session,390,True,True,0,0,True,eligible
2026-03-16,390,2026-03-16 09:30:00,2026-03-16 15:59:00,0,1,0.0,60.0,0.0,0.002564102564102564,09:30,15:59,True,True,Normal full session,390,True,True,0,0,True,eligible
2026-03-17,390,2026-03-17 09:30:00,2026-03-17 15:59:00,0,1,0.0,60.0,0.0,0.002564102564102564,09:30,15:59,True,True,Normal full session,390,True,True,0,0,True,eligible
2026-03-18,390,2026-03-18 09:30:00,2026-03-18 15:59:00,0,7,0.0,60.0,0.0,0.017948717948717947,09:30,15:59,True,True,Normal full session,390,True,True,0,0,True,eligible
2026-03-19,390,2026-03-19 09:30:00,2026-03-19 15:59:00,0,1,0.0,0.0,0.0,0.002564102564102564,09:30,15:59,True,True,Normal full session,390,True,True,0,0,True,eligible
2026-03-20,390,2026-03-20 09:30:00,2026-03-20 15:59:00,0,1,0.0,0.0,0.0,0.002564102564102564,09:30,15:59,True,True,Normal full session,390,True,True,0,0,True,eligible
2026-03-23,390,2026-03-23 09:30:00,2026-03-23 15:59:00,0,1,0.0,0.0,0.0,0.002564102564102564,09:30,15:59,True,True,Normal full session,390,True,True,0,0,True,eligible
2026-03-24,390,2026-03-24 09:30:00,2026-03-24 15:59:00,0,1,0.0,0.0,0.0,0.002564102564102564,09:30,15:59,True,True,Normal full session,390,True,True,0,0,True,eligible
2026-03-25,390,2026-03-25 09:30:00,2026-03-25 15:59:00,0,2,0.0,60.0,0.0,0.005128205128205128,09:30,15:59,True,True,Normal full session,390,True,True,0,0,True,eligible
2026-03-26,390,2026-03-26 09:30:00,2026-03-26 15:59:00,0,1,0.0,0.0,0.0,0.002564102564102564,09:30,15:59,True,True,Normal full session,390,True,True,0,0,True,eligible
2026-03-27,390,2026-03-27 09:30:00,2026-03-27 15:59:00,0,1,0.0,0.0,0.0,0.002564102564102564,09:30,15:59,True,True,Normal full session,390,True,True,0,0,True,eligible
2026-03-30,390,2026-03-30 09:30:00,2026-03-30 15:59:00,0,1,0.0,60.0,0.0,0.002564102564102564,09:30,15:59,True,True,Normal full session,390,True,True,0,0,True,eligible
2026-03-31,390,2026-03-31 09:30:00,2026-03-31 15:59:00,0,1,0.0,60.0,0.0,0.002564102564102564,09:30,15:59,True,True,Normal full session,390,True,True,0,0,True,eligible
2026-04-01,390,2026-04-01 09:30:00,2026-04-01 15:59:00,0,2,0.0,60.0,0.0,0.005128205128205128,09:30,15:59,True,True,Normal full session,390,True,True,0,0,True,eligible
2026-04-02,390,2026-04-02 09:30:00,2026-04-02 15:59:00,0,1,0.0,60.0,0.0,0.002564102564102564,09:30,15:59,True,True,Normal full session,390,True,True,0,0,True,eligible
2026-04-06,390,2026-04-06 09:30:00,2026-04-06 15:59:00,0,1,0.0,60.0,0.0,0.002564102564102564,09:30,15:59,True,True,Normal full session,390,True,True,0,0,True,eligible
2026-04-07,390,2026-04-07 09:30:00,2026-04-07 15:59:00,0,1,0.0,60.0,0.0,0.002564102564102564,09:30,15:59,True,True,Normal full session,390,True,True,0,0,True,eligible
2026-04-08,390,2026-04-08 09:30:00,2026-04-08 15:59:00,0,2,0.0,60.0,0.0,0.005128205128205128,09:30,15:59,True,True,Normal full session,390,True,True,0,0,True,eligible
2026-04-09,390,2026-04-09 09:30:00,2026-04-09 15:59:00,0,1,0.0,120.0,0.0,0.002564102564102564,09:30,15:59,True,True,Normal full session,390,True,True,0,0,True,eligible
2026-04-10,390,2026-04-10 09:30:00,2026-04-10 15:59:00,0,1,0.0,120.0,0.0,0.002564102564102564,09:30,15:59,True,True,Normal full session,390,True,True,0,0,True,eligible
2026-04-13,390,2026-04-13 09:30:00,2026-04-13 15:59:00,0,3,0.0,120.0,0.0,0.007692307692307693,09:30,15:59,True,True,Normal full session,390,True,True,0,2,False,2 missing VIX observations in final 120m
2026-04-14,390,2026-04-14 09:30:00,2026-04-14 15:59:00,0,3,0.0,120.0,0.0,0.007692307692307693,09:30,15:59,True,True,Normal full session,390,True,True,0,1,False,1 missing VIX observations in final 120m
2026-04-15,390,2026-04-15 09:30:00,2026-04-15 15:59:00,0,4,0.0,120.0,0.0,0.010256410256410256,09:30,15:59,True,True,Normal full session,390,True,True,0,1,False,1 missing VIX observations in final 120m
2026-04-16,390,2026-04-16 09:30:00,2026-04-16 15:59:00,0,1,0.0,120.0,0.0,0.002564102564102564,09:30,15:59,True,True,Normal full session,390,True,True,0,0,True,eligible
2026-04-17,390,2026-04-17 09:30:00,2026-04-17 15:59:00,0,1,0.0,120.0,0.0,0.002564102564102564,09:30,15:59,True,True,Normal full session,390,True,True,0,0,True,eligible
2026-04-20,390,2026-04-20 09:30:00,2026-04-20 15:59:00,0,3,0.0,120.0,0.0,0.007692307692307693,09:30,15:59,True,True,Normal full session,390,True,True,0,0,True,eligible
2026-04-21,390,2026-04-21 09:30:00,2026-04-21 15:59:00,0,1,0.0,60.0,0.0,0.002564102564102564,09:30,15:59,True,True,Normal full session,390,True,True,0,0,True,eligible
2026-04-22,390,2026-04-22 09:30:00,2026-04-22 15:59:00,0,3,0.0,120.0,0.0,0.007692307692307693,09:30,15:59,True,True,Normal full session,390,True,True,0,1,False,1 missing VIX observations in final 120m
2026-04-23,390,2026-04-23 09:30:00,2026-04-23 15:59:00,0,1,0.0,0.0,0.0,0.002564102564102564,09:30,15:59,True,True,Normal full session,390,True,True,0,0,True,eligible
2026-04-24,390,2026-04-24 09:30:00,2026-04-24 15:59:00,0,1,0.0,60.0,0.0,0.002564102564102564,09:30,15:59,True,True,Normal full session,390,True,True,0,0,True,eligible
2026-04-27,390,2026-04-27 09:30:00,2026-04-27 15:59:00,0,1,0.0,120.0,0.0,0.002564102564102564,09:30,15:59,True,True,Normal full session,390,True,True,0,0,True,eligible
2026-04-28,390,2026-04-28 09:30:00,2026-04-28 15:59:00,0,1,0.0,120.0,0.0,0.002564102564102564,09:30,15:59,True,True,Normal full session,390,True,True,0,0,True,eligible
2026-04-29,390,2026-04-29 09:30:00,2026-04-29 15:59:00,0,2,0.0,60.0,0.0,0.005128205128205128,09:30,15:59,True,True,Normal full session,390,True,True,0,0,True,eligible
2026-04-30,390,2026-04-30 09:30:00,2026-04-30 15:59:00,0,1,0.0,120.0,0.0,0.002564102564102564,09:30,15:59,True,True,Normal full session,390,True,True,0,0,True,eligible
2026-05-01,390,2026-05-01 09:30:00,2026-05-01 15:59:00,0,1,0.0,120.0,0.0,0.002564102564102564,09:30,15:59,True,True,Normal full session,390,True,True,0,0,True,eligible
2026-05-04,390,2026-05-04 09:30:00,2026-05-04 15:59:00,0,1,0.0,60.0,0.0,0.002564102564102564,09:30,15:59,True,True,Normal full session,390,True,True,0,0,True,eligible
2026-05-05,390,2026-05-05 09:30:00,2026-05-05 15:59:00,0,2,0.0,120.0,0.0,0.005128205128205128,09:30,15:59,True,True,Normal full session,390,True,True,0,0,True,eligible
2026-05-06,390,2026-05-06 09:30:00,2026-05-06 15:59:00,0,1,0.0,120.0,0.0,0.002564102564102564,09:30,15:59,True,True,Normal full session,390,True,True,0,0,True,eligible
2026-05-07,390,2026-05-07 09:30:00,2026-05-07 15:59:00,0,1,0.0,60.0,0.0,0.002564102564102564,09:30,15:59,True,True,Normal full session,390,True,True,0,0,True,eligible
2026-05-08,390,2026-05-08 09:30:00,2026-05-08 15:59:00,0,3,0.0,120.0,0.0,0.007692307692307693,09:30,15:59,True,True,Normal full session,390,True,True,0,1,False,1 missing VIX observations in final 120m
2026-05-11,390,2026-05-11 09:30:00,2026-05-11 15:59:00,0,3,0.0,120.0,0.0,0.007692307692307693,09:30,15:59,True,True,Normal full session,390,True,True,0,1,False,1 missing VIX observations in final 120m
2026-05-12,390,2026-05-12 09:30:00,2026-05-12 15:59:00,0,1,0.0,120.0,0.0,0.002564102564102564,09:30,15:59,True,True,Normal full session,390,True,True,0,0,True,eligible
2026-05-13,390,2026-05-13 09:30:00,2026-05-13 15:59:00,0,2,0.0,120.0,0.0,0.005128205128205128,09:30,15:59,True,True,Normal full session,390,True,True,0,1,False,1 missing VIX observations in final 120m
2026-05-14,390,2026-05-14 09:30:00,2026-05-14 15:59:00,0,6,0.0,120.0,0.0,0.015384615384615385,09:30,15:59,True,True,Normal full session,390,True,True,0,0,True,eligible
2026-05-15,390,2026-05-15 09:30:00,2026-05-15 15:59:00,0,1,0.0,120.0,0.0,0.002564102564102564,09:30,15:59,True,True,Normal full session,390,True,True,0,0,True,eligible
2026-05-18,390,2026-05-18 09:30:00,2026-05-18 15:59:00,0,1,0.0,60.0,0.0,0.002564102564102564,09:30,15:59,True,True,Normal full session,390,True,True,0,0,True,eligible
2026-05-19,390,2026-05-19 09:30:00,2026-05-19 15:59:00,0,2,0.0,60.0,0.0,0.005128205128205128,09:30,15:59,True,True,Normal full session,390,True,True,0,0,True,eligible
2026-05-20,390,2026-05-20 09:30:00,2026-05-20 15:59:00,0,1,0.0,120.0,0.0,0.002564102564102564,09:30,15:59,True,True,Normal full session,390,True,True,0,0,True,eligible
2026-05-21,390,2026-05-21 09:30:00,2026-05-21 15:59:00,0,1,0.0,60.0,0.0,0.002564102564102564,09:30,15:59,True,True,Normal full session,390,True,True,0,0,True,eligible
2026-05-22,390,2026-05-22 09:30:00,2026-05-22 15:59:00,0,2,0.0,120.0,0.0,0.005128205128205128,09:30,15:59,True,True,Normal full session,390,True,True,0,1,False,1 missing VIX observations in final 120m
2026-05-26,390,2026-05-26 09:30:00,2026-05-26 15:59:00,0,1,0.0,120.0,0.0,0.002564102564102564,09:30,15:59,True,True,Normal full session,390,True,True,0,0,True,eligible
2026-05-27,390,2026-05-27 09:30:00,2026-05-27 15:59:00,0,3,0.0,120.0,0.0,0.007692307692307693,09:30,15:59,True,True,Normal full session,390,True,True,0,0,True,eligible
2026-05-28,390,2026-05-28 09:30:00,2026-05-28 15:59:00,0,8,0.0,120.0,0.0,0.020512820512820513,09:30,15:59,True,True,Normal full session,390,True,True,0,2,False,2 missing VIX observations in final 120m
2026-05-29,390,2026-05-29 09:30:00,2026-05-29 15:59:00,0,1,0.0,120.0,0.0,0.002564102564102564,09:30,15:59,True,True,Normal full session,390,True,True,0,0,True,eligible
2026-06-01,390,2026-06-01 09:30:00,2026-06-01 15:59:00,0,5,0.0,120.0,0.0,0.01282051282051282,09:30,15:59,True,True,Normal full session,390,True,True,0,3,False,3 missing VIX observations in final 120m
2026-06-02,390,2026-06-02 09:30:00,2026-06-02 15:59:00,0,4,0.0,120.0,0.0,0.010256410256410256,09:30,15:59,True,True,Normal full session,390,True,True,0,2,False,2 missing VIX observations in final 120m
2026-06-03,390,2026-06-03 09:30:00,2026-06-03 15:59:00,0,1,0.0,60.0,0.0,0.002564102564102564,09:30,15:59,True,True,Normal full session,390,True,True,0,0,True,eligible
2026-06-04,390,2026-06-04 09:30:00,2026-06-04 15:59:00,0,4,0.0,120.0,0.0,0.010256410256410256,09:30,15:59,True,True,Normal full session,390,True,True,0,2,False,2 missing VIX observations in final 120m
2026-06-05,390,2026-06-05 09:30:00,2026-06-05 15:59:00,0,1,0.0,60.0,0.0,0.002564102564102564,09:30,15:59,True,True,Normal full session,390,True,True,0,0,True,eligible
2026-06-08,390,2026-06-08 09:30:00,2026-06-08 15:59:00,0,1,0.0,0.0,0.0,0.002564102564102564,09:30,15:59,True,True,Normal full session,390,True,True,0,0,True,eligible
2026-06-09,390,2026-06-09 09:30:00,2026-06-09 15:59:00,0,1,0.0,0.0,0.0,0.002564102564102564,09:30,15:59,True,True,Normal full session,390,True,True,0,0,True,eligible
2026-06-10,390,2026-06-10 09:30:00,2026-06-10 15:59:00,0,3,0.0,0.0,0.0,0.007692307692307693,09:30,15:59,True,True,Normal full session,390,True,True,0,0,True,eligible
2026-06-11,390,2026-06-11 09:30:00,2026-06-11 15:59:00,0,1,0.0,60.0,0.0,0.002564102564102564,09:30,15:59,True,True,Normal full session,390,True,True,0,0,True,eligible
2026-06-12,390,2026-06-12 09:30:00,2026-06-12 15:59:00,0,1,0.0,60.0,0.0,0.002564102564102564,09:30,15:59,True,True,Normal full session,390,True,True,0,0,True,eligible
2026-06-15,390,2026-06-15 09:30:00,2026-06-15 15:59:00,0,3,0.0,120.0,0.0,0.007692307692307693,09:30,15:59,True,True,Normal full session,390,True,True,0,2,False,2 missing VIX observations in final 120m
2026-06-16,390,2026-06-16 09:30:00,2026-06-16 15:59:00,0,1,0.0,60.0,0.0,0.002564102564102564,09:30,15:59,True,True,Normal full session,390,True,True,0,0,True,eligible
2026-06-17,390,2026-06-17 09:30:00,2026-06-17 15:59:00,0,1,0.0,120.0,0.0,0.002564102564102564,09:30,15:59,True,True,Normal full session,390,True,True,0,0,True,eligible
2026-06-18,390,2026-06-18 09:30:00,2026-06-18 15:59:00,0,1,0.0,60.0,0.0,0.002564102564102564,09:30,15:59,True,True,Normal full session,390,True,True,0,0,True,eligible
2026-06-22,390,2026-06-22 09:30:00,2026-06-22 15:59:00,0,1,0.0,60.0,0.0,0.002564102564102564,09:30,15:59,True,True,Normal full session,390,True,True,0,0,True,eligible
2026-06-23,390,2026-06-23 09:30:00,2026-06-23 15:59:00,0,1,0.0,60.0,0.0,0.002564102564102564,09:30,15:59,True,True,Normal full session,390,True,True,0,0,True,eligible
2026-06-24,390,2026-06-24 09:30:00,2026-06-24 15:59:00,0,2,0.0,60.0,0.0,0.005128205128205128,09:30,15:59,True,True,Normal full session,390,True,True,0,0,True,eligible
2026-06-25,390,2026-06-25 09:30:00,2026-06-25 15:59:00,0,1,0.0,0.0,0.0,0.002564102564102564,09:30,15:59,True,True,Normal full session,390,True,True,0,0,True,eligible
2026-06-26,390,2026-06-26 09:30:00,2026-06-26 15:59:00,0,1,0.0,60.0,0.0,0.002564102564102564,09:30,15:59,True,True,Normal full session,390,True,True,0,0,True,eligible
2026-06-29,390,2026-06-29 09:30:00,2026-06-29 15:59:00,0,1,0.0,60.0,0.0,0.002564102564102564,09:30,15:59,True,True,Normal full session,390,True,True,0,0,True,eligible
2026-06-30,390,2026-06-30 09:30:00,2026-06-30 15:59:00,0,3,0.0,120.0,0.0,0.007692307692307693,09:30,15:59,True,True,Normal full session,390,True,True,0,0,True,eligible
2026-07-01,390,2026-07-01 09:30:00,2026-07-01 15:59:00,0,1,0.0,60.0,0.0,0.002564102564102564,09:30,15:59,True,True,Normal full session,390,True,True,0,0,True,eligible
2026-07-02,390,2026-07-02 09:30:00,2026-07-02 15:59:00,0,1,0.0,60.0,0.0,0.002564102564102564,09:30,15:59,True,True,Normal full session,390,True,True,0,0,True,eligible
2026-07-06,390,2026-07-06 09:30:00,2026-07-06 15:59:00,0,1,0.0,120.0,0.0,0.002564102564102564,09:30,15:59,True,True,Normal full session,390,True,True,0,0,True,eligible
2026-07-07,390,2026-07-07 09:30:00,2026-07-07 15:59:00,0,1,0.0,120.0,0.0,0.002564102564102564,09:30,15:59,True,True,Normal full session,390,True,True,0,0,True,eligible
2026-07-08,390,2026-07-08 09:30:00,2026-07-08 15:59:00,0,1,0.0,0.0,0.0,0.002564102564102564,09:30,15:59,True,True,Normal full session,390,True,True,0,0,True,eligible
2026-07-09,390,2026-07-09 09:30:00,2026-07-09 15:59:00,0,2,0.0,120.0,0.0,0.005128205128205128,09:30,15:59,True,True,Normal full session,390,True,True,0,1,False,1 missing VIX observations in final 120m
2026-07-10,390,2026-07-10 09:30:00,2026-07-10 15:59:00,0,3,0.0,120.0,0.0,0.007692307692307693,09:30,15:59,True,True,Normal full session,390,True,True,0,2,False,2 missing VIX observations in final 120m
2026-07-13,390,2026-07-13 09:30:00,2026-07-13 15:59:00,0,1,0.0,60.0,0.0,0.002564102564102564,09:30,15:59,True,True,Normal full session,390,True,True,0,0,True,eligible
2026-07-14,390,2026-07-14 09:30:00,2026-07-14 15:59:00,0,1,0.0,60.0,0.0,0.002564102564102564,09:30,15:59,True,True,Normal full session,390,True,True,0,0,True,eligible
2026-07-15,390,2026-07-15 09:30:00,2026-07-15 15:59:00,0,1,0.0,60.0,0.0,0.002564102564102564,09:30,15:59,True,True,Normal full session,390,True,True,0,0,True,eligible
2026-07-16,390,2026-07-16 09:30:00,2026-07-16 15:59:00,0,1,0.0,60.0,0.0,0.002564102564102564,09:30,15:59,True,True,Normal full session,390,True,True,0,0,True,eligible
2026-07-17,390,2026-07-17 09:30:00,2026-07-17 15:59:00,0,1,0.0,0.0,0.0,0.002564102564102564,09:30,15:59,True,True,Normal full session,390,True,True,0,0,True,eligible
