task,dataset_variant,feature_set,model,accuracy,balanced_accuracy,precision,recall,f1,mcc,roc_auc,average_precision,positive_prevalence,average_precision_lift,average_precision_lift_ratio,outer_fold,outer_train_start,outer_train_end,outer_test_start,outer_test_end,threshold,inner_threshold_objective,inner_best_search_score,best_parameters
RQ1 Direction,Strict,Full,Logistic ElasticNet,0.5763888888888888,0.5646284829721362,0.5728155339805825,0.7763157894736842,0.659217877094972,0.14298967177767552,0.5588235294117648,0.5923032140908816,0.5277777777777778,0.06452543631310381,1.1222587214353545,1,2023-02-15,2023-10-18,2023-10-19,2024-09-20,0.4990440012357819,0.5715287517531557,0.5604622072114332,"{""model__C"": 0.0309041998372194, ""model__l1_ratio"": 0.26230482259638144}"
RQ1 Direction,Strict,Full,Logistic ElasticNet,0.4444444444444444,0.4611358790463268,0.4392523364485981,0.7014925373134329,0.5402298850574713,-0.0887296682627585,0.44659817794146156,0.45190534992895354,0.4652777777777778,-0.013372427848824253,0.9712592595487957,2,2023-02-15,2024-09-20,2024-09-23,2025-05-13,0.49258454543808194,0.5403412501071765,0.5302338940419192,"{""model__C"": 0.06259709644986548, ""model__l1_ratio"": 0.6092383806181517}"
RQ1 Direction,Strict,Full,Logistic ElasticNet,0.5208333333333334,0.5,0.0,0.0,0.0,0.0,0.5,0.4791666666666667,0.4791666666666667,0.0,1.0,3,2023-02-15,2025-05-13,2025-05-14,2026-01-28,0.5006174352217634,0.5041158536585366,0.5,"{""model__C"": 0.0017482760355616923, ""model__l1_ratio"": 0.16332444820826675}"
RQ1 Direction,Strict,Full,Extra Trees,0.5416666666666666,0.5147058823529411,0.5352112676056338,1.0,0.6972477064220184,0.12546516596551385,0.548374613003096,0.5836819855160111,0.5277777777777778,0.05590420773823335,1.1059237620303368,1,2023-02-15,2023-10-18,2023-10-19,2024-09-20,0.4151120852902455,0.5403225806451613,0.4713879172083506,"{""model__bootstrap"": true, ""model__class_weight"": ""balanced"", ""model__max_depth"": 8, ""model__max_features"": 0.5, ""model__min_samples_leaf"": 12, ""model__min_samples_split"": 5, ""model__n_estimators"": 782}"
RQ1 Direction,Strict,Full,Extra Trees,0.5555555555555556,0.5650319829424307,0.5164835164835165,0.7014925373134329,0.5949367088607594,0.1345182241358449,0.5437100213219617,0.48483678903989946,0.4652777777777778,0.019559011262121673,1.0420372779365004,2,2023-02-15,2024-09-20,2024-09-23,2025-05-13,0.5107780403604031,0.5534596587498928,0.5246130471150141,"{""model__bootstrap"": false, ""model__class_weight"": ""balanced_subsample"", ""model__max_depth"": 12, ""model__max_features"": 0.8, ""model__min_samples_leaf"": 13, ""model__min_samples_split"": 2, ""model__n_estimators"": 485}"
RQ1 Direction,Strict,Full,Extra Trees,0.5138888888888888,0.5321739130434783,0.4962962962962963,0.9710144927536232,0.6568627450980392,0.13280086917434747,0.45507246376811594,0.44338640240718363,0.4791666666666667,-0.03578026425948305,0.9253281441541223,3,2023-02-15,2025-05-13,2025-05-14,2026-01-28,0.3919605421325825,0.5119664634146341,0.5033966902253021,"{""model__bootstrap"": false, ""model__class_weight"": ""balanced"", ""model__max_depth"": 12, ""model__max_features"": 0.5, ""model__min_samples_leaf"": 14, ""model__min_samples_split"": 14, ""model__n_estimators"": 217}"
RQ1 Direction,Strict,Full,Histogram Gradient Boosting,0.5416666666666666,0.5534055727554179,0.6190476190476191,0.34210526315789475,0.4406779661016949,0.11731487822973387,0.5953947368421053,0.6122364121881453,0.5277777777777778,0.0844586344103675,1.1600268862512226,1,2023-02-15,2023-10-18,2023-10-19,2024-09-20,0.6087213180819292,0.5280504908835905,0.5112982992239958,"{""model__l2_regularization"": 0.2578867976282113, ""model__learning_rate"": 0.0342811772158964, ""model__max_bins"": 32, ""model__max_iter"": 372, ""model__max_leaf_nodes"": 17, ""model__min_samples_leaf"": 22}"
RQ1 Direction,Strict,Full,Histogram Gradient Boosting,0.4930555555555556,0.49496026361698,0.4605263157894737,0.5223880597014925,0.48951048951048953,-0.010070692310916108,0.5024229501841442,0.4654685408627116,0.4652777777777778,0.00019076308493382044,1.0004099982720966,2,2023-02-15,2024-09-20,2024-09-23,2025-05-13,0.51616942142837,0.5828689016548058,0.5672629088836799,"{""model__l2_regularization"": 3.8965578025091947, ""model__learning_rate"": 0.013688090729945365, ""model__max_bins"": 255, ""model__max_iter"": 196, ""model__max_leaf_nodes"": 25, ""model__min_samples_leaf"": 11}"
RQ1 Direction,Strict,Full,Histogram Gradient Boosting,0.5069444444444444,0.5098550724637682,0.4878048780487805,0.5797101449275363,0.5298013245033113,0.019885761379117527,0.5192270531400967,0.5247033770354104,0.4791666666666667,0.04553671036874368,1.0950331346825954,3,2023-02-15,2025-05-13,2025-05-14,2026-01-28,0.4634767357707971,0.5623475609756098,0.543371602448757,"{""model__l2_regularization"": 2.9348565844935, ""model__learning_rate"": 0.05494962231515871, ""model__max_bins"": 128, ""model__max_iter"": 260, ""model__max_leaf_nodes"": 13, ""model__min_samples_leaf"": 24}"
RQ1 Direction,Strict,Full,RBF SVC,0.5416666666666666,0.5185758513931888,0.5378787878787878,0.9342105263157895,0.6826923076923077,0.06710615993617215,0.5497291021671826,0.5698516445691741,0.5277777777777778,0.04207386679139635,1.0797189054994878,1,2023-02-15,2023-10-18,2023-10-19,2024-09-20,-0.043296294655718236,0.5185834502103787,0.5115116221927368,"{""model__C"": 3.274486343643001, ""model__gamma"": 0.0012654212015718546}"
RQ1 Direction,Strict,Full,RBF SVC,0.4791666666666667,0.4916650513665439,0.45918367346938777,0.6716417910447762,0.5454545454545454,-0.01783297224408254,0.5064935064935066,0.4685544880089074,0.4652777777777778,0.0032767102311296314,1.0070424816907861,2,2023-02-15,2024-09-20,2024-09-23,2025-05-13,0.0,0.5465146188802195,0.5415798142784768,"{""model__C"": 1.0954930794959705, ""model__gamma"": 0.06927746271980831}"
RQ1 Direction,Strict,Full,RBF SVC,0.4722222222222222,0.4666666666666667,0.4339622641509434,0.3333333333333333,0.3770491803278688,-0.06905661510362933,0.4736231884057971,0.48811915478745643,0.4791666666666667,0.008952488120789748,1.0186834534694742,3,2023-02-15,2025-05-13,2025-05-14,2026-01-28,0.17046804901228096,0.5539634146341463,0.5393838309764716,"{""model__C"": 86.32692275610943, ""model__gamma"": 0.051901689754367174}"
RQ1 Direction,Strict,Reduced,Logistic ElasticNet,0.5486111111111112,0.5336687306501549,0.5495495495495496,0.8026315789473685,0.6524064171122995,0.0799833393320708,0.5595975232198142,0.5892838250773688,0.5277777777777778,0.06150604729959097,1.116537773830804,1,2023-02-15,2023-10-18,2023-10-19,2024-09-20,0.4977012222871778,0.5582047685834503,0.5670059730431247,"{""model__C"": 0.0943517787756385, ""model__l1_ratio"": 0.8020471186286665}"
RQ1 Direction,Strict,Reduced,Logistic ElasticNet,0.4375,0.4536731924791626,0.4339622641509434,0.6865671641791045,0.5317919075144508,-0.10485771793438611,0.44349680170575695,0.44920273017588497,0.4652777777777778,-0.016075047601892822,0.9654506439601109,2,2023-02-15,2024-09-20,2024-09-23,2025-05-13,0.49274216769227,0.5403412501071765,0.5261688533915126,"{""model__C"": 0.06259709644986548, ""model__l1_ratio"": 0.6092383806181517}"
RQ1 Direction,Strict,Reduced,Logistic ElasticNet,0.4791666666666667,0.5,0.4791666666666667,1.0,0.647887323943662,0.0,0.5,0.4791666666666667,0.4791666666666667,0.0,1.0,3,2023-02-15,2025-05-13,2025-05-14,2026-01-28,0.0,0.5,0.5,"{""model__C"": 0.0017482760355616923, ""model__l1_ratio"": 0.16332444820826675}"
RQ1 Direction,Strict,Reduced,Extra Trees,0.5347222222222222,0.5073529411764706,0.5314685314685315,1.0,0.6940639269406392,0.08840652520072621,0.5263157894736843,0.5746274119191244,0.5277777777777778,0.046849634141346574,1.088767727846762,1,2023-02-15,2023-10-18,2023-10-19,2024-09-20,0.4118367906444445,0.52945301542777,0.47860292442335783,"{""model__bootstrap"": true, ""model__class_weight"": ""balanced"", ""model__max_depth"": 3, ""model__max_features"": 0.8, ""model__min_samples_leaf"": 14, ""model__min_samples_split"": 17, ""model__n_estimators"": 397}"
RQ1 Direction,Strict,Reduced,Extra Trees,0.5555555555555556,0.5650319829424307,0.5164835164835165,0.7014925373134329,0.5949367088607594,0.1345182241358449,0.5359565807327001,0.4892713153069262,0.4652777777777778,0.0239935375291484,1.0515682000626474,2,2023-02-15,2024-09-20,2024-09-23,2025-05-13,0.4998271794979989,0.5721512475349395,0.5480759910342915,"{""model__bootstrap"": true, ""model__class_weight"": ""balanced"", ""model__max_depth"": 12, ""model__max_features"": ""log2"", ""model__min_samples_leaf"": 11, ""model__min_samples_split"": 3, ""model__n_estimators"": 214}"
RQ1 Direction,Strict,Reduced,Extra Trees,0.4513888888888889,0.45014492753623186,0.4264705882352941,0.42028985507246375,0.4233576642335766,-0.09977765023189761,0.4757487922705314,0.47358311984898915,0.4791666666666667,-0.005583546817677532,0.9883473805544121,3,2023-02-15,2025-05-13,2025-05-14,2026-01-28,0.5007039069079479,0.51875,0.5150774024216354,"{""model__bootstrap"": true, ""model__class_weight"": ""balanced_subsample"", ""model__max_depth"": null, ""model__max_features"": ""log2"", ""model__min_samples_leaf"": 13, ""model__min_samples_split"": 17, ""model__n_estimators"": 520}"
RQ1 Direction,Strict,Reduced,Histogram Gradient Boosting,0.5208333333333334,0.5367647058823529,0.6129032258064516,0.25,0.35514018691588783,0.0893104495588075,0.590750773993808,0.5899751881888349,0.5277777777777778,0.062197410411057086,1.1178477249893712,1,2023-02-15,2023-10-18,2023-10-19,2024-09-20,0.5998209308216859,0.5631136044880786,0.5428745660943802,"{""model__l2_regularization"": 12.77532587283784, ""model__learning_rate"": 0.05285481350797849, ""model__max_bins"": 32, ""model__max_iter"": 304, ""model__max_leaf_nodes"": 29, ""model__min_samples_leaf"": 23}"
RQ1 Direction,Strict,Reduced,Histogram Gradient Boosting,0.5138888888888888,0.5202558635394456,0.4823529411764706,0.6119402985074627,0.5394736842105263,0.04108923479755869,0.5099825547586743,0.4539214666312914,0.4652777777777778,-0.011356311146486386,0.9755924058941188,2,2023-02-15,2024-09-20,2024-09-23,2025-05-13,0.5675392960874013,0.5970590757095087,0.5856352034164779,"{""model__l2_regularization"": 0.0021412991531456265, ""model__learning_rate"": 0.048654469720318484, ""model__max_bins"": 64, ""model__max_iter"": 278, ""model__max_leaf_nodes"": 31, ""model__min_samples_leaf"": 9}"
RQ1 Direction,Strict,Reduced,Histogram Gradient Boosting,0.5069444444444444,0.5034782608695652,0.48333333333333334,0.42028985507246375,0.4496124031007752,0.007049073768502414,0.525024154589372,0.5087342681852134,0.4791666666666667,0.029567601518546704,1.0617062988213148,3,2023-02-15,2025-05-13,2025-05-14,2026-01-28,0.5730652479708408,0.5516006097560976,0.5342799987143898,"{""model__l2_regularization"": 0.001888021649054635, ""model__learning_rate"": 0.03780015253359682, ""model__max_bins"": 128, ""model__max_iter"": 178, ""model__max_leaf_nodes"": 9, ""model__min_samples_leaf"": 13}"
RQ1 Direction,Strict,Reduced,RBF SVC,0.5347222222222222,0.5073529411764706,0.5314685314685315,1.0,0.6940639269406392,0.08840652520072621,0.5363777089783281,0.5691430950271703,0.5277777777777778,0.04136531724939252,1.0783763905777963,1,2023-02-15,2023-10-18,2023-10-19,2024-09-20,-0.907254191069573,0.532258064516129,0.5087759505716162,"{""model__C"": 0.3800144174512463, ""model__gamma"": 0.1615059305949662}"
RQ1 Direction,Strict,Reduced,RBF SVC,0.4930555555555556,0.5211281256057375,0.47692307692307695,0.9253731343283582,0.6294416243654822,0.07114396008937558,0.5156037991858887,0.4960029694613929,0.4652777777777778,0.030725191683615094,1.0660362328722475,2,2023-02-15,2024-09-20,2024-09-23,2025-05-13,-0.09917719415673773,0.5258081111206379,0.536751607798028,"{""model__C"": 38.77997694019537, ""model__gamma"": 0.00045387742478885247}"
RQ1 Direction,Strict,Reduced,RBF SVC,0.5347222222222222,0.5324637681159421,0.515625,0.4782608695652174,0.49624060150375937,0.06527533657682195,0.5346859903381642,0.5062498097440264,0.4791666666666667,0.02708314307735976,1.0565213420744899,3,2023-02-15,2025-05-13,2025-05-14,2026-01-28,0.16087009715646308,0.5396341463414633,0.5284550731780471,"{""model__C"": 48.87782924401554, ""model__gamma"": 0.04627323739172812}"
RQ1 Direction,Relaxed,Full,Logistic ElasticNet,0.4913294797687861,0.48908969210174025,0.5104166666666666,0.5444444444444444,0.5268817204301075,-0.021935438692246435,0.48487282463186077,0.5204765887549585,0.5202312138728323,0.0002453748821261703,1.000471665051198,1,2023-02-15,2023-11-02,2023-11-03,2024-08-19,0.5014320719545275,0.5590863952333665,0.5266243259664313,"{""model__C"": 0.0309041998372194, ""model__l1_ratio"": 0.26230482259638144}"
RQ1 Direction,Relaxed,Full,Logistic ElasticNet,0.5260115606936416,0.5,0.0,0.0,0.0,0.0,0.5,0.47398843930635837,0.47398843930635837,0.0,1.0,2,2023-02-15,2024-08-19,2024-08-20,2025-05-05,0.5,0.5621499548328817,0.5,"{""model__C"": 0.012288371905419274, ""model__l1_ratio"": 0.9574720690679174}"
RQ1 Direction,Relaxed,Full,Logistic ElasticNet,0.4277456647398844,0.4354166666666667,0.4095238095238095,0.5375,0.4648648648648649,-0.13185233159968254,0.40994623655913975,0.41021766306846613,0.4624277456647399,-0.052210082596273744,0.8870956963855581,3,2023-02-15,2025-05-05,2025-05-06,2026-01-28,0.49881892939376493,0.5174508824070908,0.5085716574541376,"{""model__C"": 0.01884880305613737, ""model__l1_ratio"": 0.25131625283785164}"
RQ1 Direction,Relaxed,Full,Extra Trees,0.4797687861271676,0.49765729585006696,0.5,0.05555555555555555,0.1,-0.010030300428414,0.4820615796519411,0.5076772438250116,0.5202312138728323,-0.012553970047820773,0.9758684797969668,1,2023-02-15,2023-11-02,2023-11-03,2024-08-19,0.5198812038757222,0.541708043694141,0.5342497414865836,"{""model__bootstrap"": false, ""model__class_weight"": ""balanced"", ""model__max_depth"": null, ""model__max_features"": ""sqrt"", ""model__min_samples_leaf"": 15, ""model__min_samples_split"": 9, ""model__n_estimators"": 612}"
RQ1 Direction,Relaxed,Full,Extra Trees,0.4797687861271676,0.5054945054945055,0.47674418604651164,1.0,0.6456692913385826,0.07238057128409679,0.5393996247654784,0.49004967338255073,0.47398843930635837,0.016061234076192366,1.033885286526601,2,2023-02-15,2024-08-19,2024-08-20,2025-05-05,0.4541993264523969,0.5066847335140018,0.5040558987636761,"{""model__bootstrap"": true, ""model__class_weight"": ""balanced"", ""model__max_depth"": 8, ""model__max_features"": ""sqrt"", ""model__min_samples_leaf"": 13, ""model__min_samples_split"": 10, ""model__n_estimators"": 210}"
RQ1 Direction,Relaxed,Full,Extra Trees,0.48554913294797686,0.511021505376344,0.4689655172413793,0.85,0.6044444444444445,0.029839693880748235,0.478494623655914,0.4585688868419031,0.4624277456647399,-0.0038588588228367637,0.9916552177956155,3,2023-02-15,2025-05-05,2025-05-06,2026-01-28,0.45317356114489804,0.5248020830593619,0.5256073438447717,"{""model__bootstrap"": true, ""model__class_weight"": ""balanced_subsample"", ""model__max_depth"": 12, ""model__max_features"": ""log2"", ""model__min_samples_leaf"": 9, ""model__min_samples_split"": 13, ""model__n_estimators"": 270}"
RQ1 Direction,Relaxed,Full,Histogram Gradient Boosting,0.4913294797687861,0.4970548862115127,0.5161290322580645,0.35555555555555557,0.42105263157894735,-0.006136702100381683,0.5319946452476573,0.5614653054842647,0.5202312138728323,0.04123409161143232,1.0792610872086421,1,2023-02-15,2023-11-02,2023-11-03,2024-08-19,0.47480323815125935,0.5209781529294936,0.5301541294962347,"{""model__l2_regularization"": 0.007697757443397426, ""model__learning_rate"": 0.018159967003095606, ""model__max_bins"": 32, ""model__max_iter"": 407, ""model__max_leaf_nodes"": 27, ""model__min_samples_leaf"": 17}"
RQ1 Direction,Relaxed,Full,Histogram Gradient Boosting,0.5086705202312138,0.5094478692039668,0.48314606741573035,0.524390243902439,0.5029239766081871,0.018878037478139344,0.5422138836772984,0.5231071829591272,0.47398843930635837,0.049118743652768804,1.1036285689259635,2,2023-02-15,2024-08-19,2024-08-20,2025-05-05,0.5618789333444311,0.5377597109304426,0.5348693252512856,"{""model__l2_regularization"": 1.1199699474461726, ""model__learning_rate"": 0.01890317021933428, ""model__max_bins"": 64, ""model__max_iter"": 127, ""model__max_leaf_nodes"": 25, ""model__min_samples_leaf"": 14}"
RQ1 Direction,Relaxed,Full,Histogram Gradient Boosting,0.5202312138728323,0.5039650537634408,0.46938775510204084,0.2875,0.35658914728682173,0.00877519268149914,0.49287634408602143,0.48616519394160873,0.4624277456647399,0.023737448276868856,1.0513322318987288,3,2023-02-15,2025-05-05,2025-05-06,2026-01-28,0.4937720108279971,0.5588753583545936,0.5591854776391997,"{""model__l2_regularization"": 17.937759028671657, ""model__learning_rate"": 0.051876918809428636, ""model__max_bins"": 32, ""model__max_iter"": 195, ""model__max_leaf_nodes"": 26, ""model__min_samples_leaf"": 11}"
RQ1 Direction,Relaxed,Full,RBF SVC,0.5144508670520231,0.5066265060240964,0.525,0.7,0.6,0.014363038872600424,0.4835341365461847,0.4895370433003763,0.5202312138728323,-0.030694170572456048,0.9409989832329456,1,2023-02-15,2023-11-02,2023-11-03,2024-08-19,-0.38209961659305536,0.5767130089374379,0.4994961179171706,"{""model__C"": 0.3800144174512463, ""model__gamma"": 0.1615059305949662}"
RQ1 Direction,Relaxed,Full,RBF SVC,0.5144508670520231,0.49202626641651037,0.4166666666666667,0.06097560975609756,0.10638297872340426,-0.0313412113422711,0.47761994103457517,0.46010405988254854,0.47398843930635837,-0.013884379423809823,0.970707345849767,2,2023-02-15,2024-08-19,2024-08-20,2025-05-05,0.25756512653116415,0.5017163504968383,0.5318091174050678,"{""model__C"": 6.161971322719818, ""model__gamma"": 0.5253046118204456}"
RQ1 Direction,Relaxed,Full,RBF SVC,0.4913294797687861,0.4762096774193548,0.4230769230769231,0.275,0.3333333333333333,-0.05173952499562755,0.49825268817204305,0.4727209444105107,0.4624277456647399,0.010293198745770837,1.0222590422877293,3,2023-02-15,2025-05-05,2025-05-06,2026-01-28,0.05990667286374842,0.5385707898266747,0.532578615358446,"{""model__C"": 91.80931329804338, ""model__gamma"": 0.00761032131730643}"
RQ1 Direction,Relaxed,Reduced,Logistic ElasticNet,0.48554913294797686,0.501338688085676,0.5263157894736842,0.1111111111111111,0.1834862385321101,0.00427791877020323,0.47135207496653275,0.522044651051223,0.5202312138728323,0.0018134371783906644,1.0034858292429065,1,2023-02-15,2023-11-02,2023-11-03,2024-08-19,0.5018386670336829,0.5661618669314796,0.5611883730304782,"{""model__C"": 0.16935257489677374, ""model__l1_ratio"": 0.6697246517218077}"
RQ1 Direction,Relaxed,Reduced,Logistic ElasticNet,0.49710982658959535,0.501474135620477,0.4752475247524752,0.5853658536585366,0.5245901639344263,0.0029865385390332516,0.489949075314929,0.4854967464091895,0.47398843930635837,0.011508307102831128,1.0242797210828023,2,2023-02-15,2024-08-19,2024-08-20,2025-05-05,0.5261169228604381,0.5136404697380307,0.5133383226342269,"{""model__C"": 0.19163820140288756, ""model__l1_ratio"": 0.4927234918566441}"
RQ1 Direction,Relaxed,Reduced,Logistic ElasticNet,0.4624277456647399,0.5,0.4624277456647399,1.0,0.6324110671936759,0.0,0.5,0.4624277456647399,0.4624277456647399,0.0,1.0,3,2023-02-15,2025-05-05,2025-05-06,2026-01-28,0.502067344142001,0.5290628862996765,0.5,"{""model__C"": 0.0017482760355616923, ""model__l1_ratio"": 0.16332444820826675}"
RQ1 Direction,Relaxed,Reduced,Extra Trees,0.43352601156069365,0.44149933065595715,0.4230769230769231,0.24444444444444444,0.30985915492957744,-0.12748432087218925,0.4674698795180723,0.5008728323140175,0.5202312138728323,-0.019358381558814863,0.9627888887813892,1,2023-02-15,2023-11-02,2023-11-03,2024-08-19,0.4922733235039012,0.5518867924528301,0.5188344550186655,"{""model__bootstrap"": true, ""model__class_weight"": ""balanced"", ""model__max_depth"": 8, ""model__max_features"": 0.5, ""model__min_samples_leaf"": 12, ""model__min_samples_split"": 5, ""model__n_estimators"": 782}"
RQ1 Direction,Relaxed,Reduced,Extra Trees,0.5260115606936416,0.5036183328866256,0.5,0.07317073170731707,0.1276595744680851,0.014222062289770078,0.5553470919324577,0.5030999697780928,0.47398843930635837,0.029111530471734426,1.061418228922074,2,2023-02-15,2024-08-19,2024-08-20,2025-05-05,0.5438345834344307,0.5088527551942186,0.4940573087834938,"{""model__bootstrap"": false, ""model__class_weight"": ""balanced_subsample"", ""model__max_depth"": 5, ""model__max_features"": 0.5, ""model__min_samples_leaf"": 14, ""model__min_samples_split"": 3, ""model__n_estimators"": 772}"
RQ1 Direction,Relaxed,Reduced,Extra Trees,0.5086705202312138,0.4975806451612903,0.45901639344262296,0.35,0.3971631205673759,-0.00504942707214329,0.4919354838709678,0.44928449461530057,0.4624277456647399,-0.013143251049439308,0.9715777196055875,3,2023-02-15,2025-05-05,2025-05-06,2026-01-28,0.5057609378749741,0.5266826227611057,0.5210944010477626,"{""model__bootstrap"": false, ""model__class_weight"": ""balanced"", ""model__max_depth"": 12, ""model__max_features"": 0.5, ""model__min_samples_leaf"": 14, ""model__min_samples_split"": 14, ""model__n_estimators"": 217}"
RQ1 Direction,Relaxed,Reduced,Histogram Gradient Boosting,0.5202312138728323,0.5295180722891566,0.574468085106383,0.3,0.39416058394160586,0.0663046652869205,0.5070281124497992,0.5521141616183961,0.5202312138728323,0.03188294774556377,1.0612861106664726,1,2023-02-15,2023-11-02,2023-11-03,2024-08-19,0.4948317561267731,0.5369910625620655,0.5126873126873127,"{""model__l2_regularization"": 7.218515636551838, ""model__learning_rate"": 0.024418078928694402, ""model__max_bins"": 64, ""model__max_iter"": 218, ""model__max_leaf_nodes"": 31, ""model__min_samples_leaf"": 29}"
RQ1 Direction,Relaxed,Reduced,Histogram Gradient Boosting,0.5260115606936416,0.5440230501206111,0.5,0.8902439024390244,0.6403508771929824,0.12113773169497477,0.5337711069418386,0.47559207294427897,0.47398843930635837,0.0016036336379205984,1.003383275845857,2,2023-02-15,2024-08-19,2024-08-20,2025-05-05,0.2858089653013665,0.5309846431797651,0.5291074574553636,"{""model__l2_regularization"": 0.009356972535848815, ""model__learning_rate"": 0.015500548321628836, ""model__max_bins"": 64, ""model__max_iter"": 315, ""model__max_leaf_nodes"": 15, ""model__min_samples_leaf"": 15}"
RQ1 Direction,Relaxed,Reduced,Histogram Gradient Boosting,0.5028901734104047,0.4922043010752688,0.45161290322580644,0.35,0.39436619718309857,-0.016211163550958124,0.5228494623655914,0.4881527121080819,0.4624277456647399,0.025724966443342046,1.0556302399337272,3,2023-02-15,2025-05-05,2025-05-06,2026-01-28,0.4891730328897097,0.5352962836327293,0.5377110012474108,"{""model__l2_regularization"": 17.937759028671657, ""model__learning_rate"": 0.051876918809428636, ""model__max_bins"": 32, ""model__max_iter"": 195, ""model__max_leaf_nodes"": 26, ""model__min_samples_leaf"": 11}"
RQ1 Direction,Relaxed,Reduced,RBF SVC,0.4624277456647399,0.46880856760374834,0.4745762711864407,0.3111111111111111,0.37583892617449666,-0.06574264672320587,0.47108433734939764,0.507349211842727,0.5202312138728323,-0.012882002030105366,0.9752379294310197,1,2023-02-15,2023-11-02,2023-11-03,2024-08-19,0.03020445511817587,0.5350049652432969,0.523153089600458,"{""model__C"": 29.281583812996097, ""model__gamma"": 0.0007658010959494785}"
RQ1 Direction,Relaxed,Reduced,RBF SVC,0.5202312138728323,0.4993299383543286,0.47058823529411764,0.0975609756097561,0.16161616161616163,-0.002247944671559036,0.5147413562047708,0.4930158373245216,0.47398843930635837,0.019027398018163222,1.0401431689895395,2,2023-02-15,2024-08-19,2024-08-20,2025-05-05,0.8845769542197559,0.5232158988256549,0.5257341012518187,"{""model__C"": 59.347561835142315, ""model__gamma"": 0.33674187413197765}"
RQ1 Direction,Relaxed,Reduced,RBF SVC,0.49710982658959535,0.5016801075268817,0.4639175257731959,0.5625,0.5084745762711864,0.0033756769451142956,0.4905913978494624,0.4607894258972,0.4624277456647399,-0.0016383197675398642,0.996457133502695,3,2023-02-15,2025-05-05,2025-05-06,2026-01-28,-0.6828921291260206,0.5304700034191631,0.5211592619859112,"{""model__C"": 48.87782924401554, ""model__gamma"": 0.04627323739172812}"
