session_date,ticker,option_type,otm_offset_points,bars_1455_1600,has_1500_1505_bar,has_1550_1600_bar,first_bar_et,last_bar_et,total_volume_window,quality_status
2024-12-20,O:SPX241220C05675000,call,0,0,False,False,,,0,no_bars
2024-12-20,O:SPX241220C05675000,call,5,0,False,False,,,0,no_bars
2024-12-20,O:SPX241220C05675000,call,10,0,False,False,,,0,no_bars
2024-12-20,O:SPX241220C05675000,call,15,0,False,False,,,0,no_bars
2024-12-20,O:SPX241220C05675000,call,20,0,False,False,,,0,no_bars
2024-12-20,O:SPX241220C05675000,call,25,0,False,False,,,0,no_bars
2024-12-20,O:SPX241220C05675000,call,30,0,False,False,,,0,no_bars
2024-12-20,O:SPX241220P05675000,put,0,0,False,False,,,0,no_bars
2024-12-20,O:SPX241220P05675000,put,5,0,False,False,,,0,no_bars
2024-12-20,O:SPX241220P05675000,put,10,0,False,False,,,0,no_bars
2024-12-20,O:SPX241220P05675000,put,15,0,False,False,,,0,no_bars
2024-12-20,O:SPX241220P05675000,put,20,0,False,False,,,0,no_bars
2024-12-20,O:SPX241220P05675000,put,25,0,False,False,,,0,no_bars
2024-12-20,O:SPX241220P05675000,put,30,0,False,False,,,0,no_bars
2025-01-02,O:SPXW250102C05845000,call,0,63,True,True,2025-01-02 14:55:00-05:00,2025-01-02 15:59:00-05:00,1479,usable
2025-01-02,O:SPXW250102C05850000,call,5,65,True,True,2025-01-02 14:55:00-05:00,2025-01-02 15:59:00-05:00,4455,usable
2025-01-02,O:SPXW250102C05855000,call,10,65,True,True,2025-01-02 14:55:00-05:00,2025-01-02 15:59:00-05:00,4280,usable
2025-01-02,O:SPXW250102C05860000,call,15,65,True,True,2025-01-02 14:55:00-05:00,2025-01-02 15:59:00-05:00,9471,usable
2025-01-02,O:SPXW250102C05865000,call,20,65,True,True,2025-01-02 14:55:00-05:00,2025-01-02 15:59:00-05:00,12647,usable
2025-01-02,O:SPXW250102C05870000,call,25,66,True,True,2025-01-02 14:55:00-05:00,2025-01-02 16:00:00-05:00,25245,usable
2025-01-02,O:SPXW250102C05875000,call,30,65,True,True,2025-01-02 14:55:00-05:00,2025-01-02 15:59:00-05:00,23352,usable
2025-01-02,O:SPXW250102P05845000,put,0,65,True,True,2025-01-02 14:55:00-05:00,2025-01-02 15:59:00-05:00,13807,usable
2025-01-02,O:SPXW250102P05840000,put,5,65,True,True,2025-01-02 14:55:00-05:00,2025-01-02 15:59:00-05:00,13090,usable
2025-01-02,O:SPXW250102P05835000,put,10,65,True,True,2025-01-02 14:55:00-05:00,2025-01-02 15:59:00-05:00,9770,usable
2025-01-02,O:SPXW250102P05830000,put,15,64,True,True,2025-01-02 14:55:00-05:00,2025-01-02 15:59:00-05:00,10497,usable
2025-01-02,O:SPXW250102P05825000,put,20,64,True,True,2025-01-02 14:55:00-05:00,2025-01-02 15:59:00-05:00,4758,usable
2025-01-02,O:SPXW250102P05820000,put,25,65,True,True,2025-01-02 14:55:00-05:00,2025-01-02 15:59:00-05:00,4700,usable
2025-01-02,O:SPXW250102P05815000,put,30,58,True,True,2025-01-02 14:55:00-05:00,2025-01-02 15:58:00-05:00,3213,usable
2025-01-14,O:SPXW250114C05825000,call,0,65,True,True,2025-01-14 14:55:00-05:00,2025-01-14 15:59:00-05:00,14289,usable
2025-01-14,O:SPXW250114C05830000,call,5,65,True,True,2025-01-14 14:55:00-05:00,2025-01-14 15:59:00-05:00,22281,usable
2025-01-14,O:SPXW250114C05835000,call,10,66,True,True,2025-01-14 14:55:00-05:00,2025-01-14 16:00:00-05:00,21614,usable
2025-01-14,O:SPXW250114C05840000,call,15,65,True,True,2025-01-14 14:55:00-05:00,2025-01-14 15:59:00-05:00,29458,usable
2025-01-14,O:SPXW250114C05845000,call,20,65,True,True,2025-01-14 14:55:00-05:00,2025-01-14 15:59:00-05:00,18226,usable
2025-01-14,O:SPXW250114C05850000,call,25,65,True,True,2025-01-14 14:55:00-05:00,2025-01-14 15:59:00-05:00,15981,usable
2025-01-14,O:SPXW250114C05855000,call,30,65,True,True,2025-01-14 14:55:00-05:00,2025-01-14 15:59:00-05:00,9086,usable
2025-01-14,O:SPXW250114P05825000,put,0,66,True,True,2025-01-14 14:55:00-05:00,2025-01-14 16:00:00-05:00,17013,usable
2025-01-14,O:SPXW250114P05820000,put,5,65,True,True,2025-01-14 14:55:00-05:00,2025-01-14 15:59:00-05:00,22987,usable
2025-01-14,O:SPXW250114P05815000,put,10,64,True,True,2025-01-14 14:55:00-05:00,2025-01-14 15:58:00-05:00,21682,usable
2025-01-14,O:SPXW250114P05810000,put,15,65,True,True,2025-01-14 14:55:00-05:00,2025-01-14 15:59:00-05:00,19797,usable
2025-01-14,O:SPXW250114P05805000,put,20,65,True,True,2025-01-14 14:55:00-05:00,2025-01-14 15:59:00-05:00,13736,usable
2025-01-14,O:SPXW250114P05800000,put,25,64,True,True,2025-01-14 14:55:00-05:00,2025-01-14 15:59:00-05:00,24923,usable
2025-01-14,O:SPXW250114P05795000,put,30,63,True,True,2025-01-14 14:55:00-05:00,2025-01-14 15:59:00-05:00,11179,usable
2025-04-02,O:SPXW250402C05635000,call,0,63,True,True,2025-04-02 14:55:00-04:00,2025-04-02 15:58:00-04:00,1791,usable
2025-04-02,O:SPXW250402C05640000,call,5,65,True,True,2025-04-02 14:55:00-04:00,2025-04-02 15:59:00-04:00,4818,usable
2025-04-02,O:SPXW250402C05645000,call,10,65,True,True,2025-04-02 14:55:00-04:00,2025-04-02 15:59:00-04:00,5092,usable
2025-04-02,O:SPXW250402C05650000,call,15,65,True,True,2025-04-02 14:55:00-04:00,2025-04-02 15:59:00-04:00,11490,usable
2025-04-02,O:SPXW250402C05655000,call,20,65,True,True,2025-04-02 14:55:00-04:00,2025-04-02 15:59:00-04:00,7380,usable
2025-04-02,O:SPXW250402C05660000,call,25,65,True,True,2025-04-02 14:55:00-04:00,2025-04-02 15:59:00-04:00,14370,usable
2025-04-02,O:SPXW250402C05665000,call,30,65,True,True,2025-04-02 14:55:00-04:00,2025-04-02 15:59:00-04:00,13205,usable
2025-04-02,O:SPXW250402P05635000,put,0,62,True,True,2025-04-02 14:55:00-04:00,2025-04-02 15:57:00-04:00,11950,usable
2025-04-02,O:SPXW250402P05630000,put,5,64,True,True,2025-04-02 14:55:00-04:00,2025-04-02 15:59:00-04:00,14527,usable
2025-04-02,O:SPXW250402P05625000,put,10,63,True,True,2025-04-02 14:55:00-04:00,2025-04-02 15:58:00-04:00,7915,usable
2025-04-02,O:SPXW250402P05620000,put,15,62,True,True,2025-04-02 14:55:00-04:00,2025-04-02 15:57:00-04:00,11212,usable
2025-04-02,O:SPXW250402P05615000,put,20,60,True,True,2025-04-02 14:55:00-04:00,2025-04-02 15:56:00-04:00,6872,usable
2025-04-02,O:SPXW250402P05610000,put,25,62,True,True,2025-04-02 14:55:00-04:00,2025-04-02 15:58:00-04:00,6933,usable
2025-04-02,O:SPXW250402P05605000,put,30,58,True,True,2025-04-02 14:55:00-04:00,2025-04-02 15:59:00-04:00,5111,usable
2025-04-11,O:SPXW250411C05340000,call,0,65,True,True,2025-04-11 14:55:00-04:00,2025-04-11 15:59:00-04:00,1271,usable
2025-04-11,O:SPXW250411C05345000,call,5,65,True,True,2025-04-11 14:55:00-04:00,2025-04-11 15:59:00-04:00,1607,usable
2025-04-11,O:SPXW250411C05350000,call,10,66,True,True,2025-04-11 14:55:00-04:00,2025-04-11 16:00:00-04:00,4456,usable
2025-04-11,O:SPXW250411C05355000,call,15,66,True,True,2025-04-11 14:55:00-04:00,2025-04-11 16:00:00-04:00,4514,usable
2025-04-11,O:SPXW250411C05360000,call,20,66,True,True,2025-04-11 14:55:00-04:00,2025-04-11 16:00:00-04:00,7761,usable
2025-04-11,O:SPXW250411C05365000,call,25,66,True,True,2025-04-11 14:55:00-04:00,2025-04-11 16:00:00-04:00,9740,usable
2025-04-11,O:SPXW250411C05370000,call,30,65,True,True,2025-04-11 14:55:00-04:00,2025-04-11 15:59:00-04:00,12282,usable
2025-04-11,O:SPXW250411P05340000,put,0,65,True,True,2025-04-11 14:55:00-04:00,2025-04-11 15:59:00-04:00,11063,usable
2025-04-11,O:SPXW250411P05335000,put,5,65,True,True,2025-04-11 14:55:00-04:00,2025-04-11 15:59:00-04:00,3309,usable
2025-04-11,O:SPXW250411P05330000,put,10,65,True,True,2025-04-11 14:55:00-04:00,2025-04-11 15:59:00-04:00,6075,usable
2025-04-11,O:SPXW250411P05325000,put,15,65,True,True,2025-04-11 14:55:00-04:00,2025-04-11 15:59:00-04:00,4099,usable
2025-04-11,O:SPXW250411P05320000,put,20,65,True,True,2025-04-11 14:55:00-04:00,2025-04-11 15:59:00-04:00,5679,usable
2025-04-11,O:SPXW250411P05315000,put,25,64,True,True,2025-04-11 14:55:00-04:00,2025-04-11 15:59:00-04:00,3768,usable
2025-04-11,O:SPXW250411P05310000,put,30,64,True,True,2025-04-11 14:55:00-04:00,2025-04-11 15:59:00-04:00,4251,usable
2025-04-14,O:SPXW250414C05425000,call,0,65,True,True,2025-04-14 14:55:00-04:00,2025-04-14 15:59:00-04:00,8646,usable
2025-04-14,O:SPXW250414C05430000,call,5,65,True,True,2025-04-14 14:55:00-04:00,2025-04-14 15:59:00-04:00,13331,usable
2025-04-14,O:SPXW250414C05435000,call,10,64,True,True,2025-04-14 14:55:00-04:00,2025-04-14 15:59:00-04:00,10272,usable
2025-04-14,O:SPXW250414C05440000,call,15,65,True,True,2025-04-14 14:55:00-04:00,2025-04-14 15:59:00-04:00,14070,usable
2025-04-14,O:SPXW250414C05445000,call,20,64,True,True,2025-04-14 14:55:00-04:00,2025-04-14 15:58:00-04:00,9243,usable
2025-04-14,O:SPXW250414C05450000,call,25,65,True,True,2025-04-14 14:55:00-04:00,2025-04-14 15:59:00-04:00,23642,usable
2025-04-14,O:SPXW250414C05455000,call,30,63,True,True,2025-04-14 14:55:00-04:00,2025-04-14 15:59:00-04:00,9675,usable
2025-04-14,O:SPXW250414P05425000,put,0,65,True,True,2025-04-14 14:55:00-04:00,2025-04-14 15:59:00-04:00,9199,usable
2025-04-14,O:SPXW250414P05420000,put,5,65,True,True,2025-04-14 14:55:00-04:00,2025-04-14 15:59:00-04:00,15599,usable
2025-04-14,O:SPXW250414P05415000,put,10,65,True,True,2025-04-14 14:55:00-04:00,2025-04-14 15:59:00-04:00,10568,usable
2025-04-14,O:SPXW250414P05410000,put,15,65,True,True,2025-04-14 14:55:00-04:00,2025-04-14 15:59:00-04:00,12590,usable
2025-04-14,O:SPXW250414P05405000,put,20,65,True,True,2025-04-14 14:55:00-04:00,2025-04-14 15:59:00-04:00,12142,usable
2025-04-14,O:SPXW250414P05400000,put,25,66,True,True,2025-04-14 14:55:00-04:00,2025-04-14 16:00:00-04:00,20467,usable
2025-04-14,O:SPXW250414P05395000,put,30,65,True,True,2025-04-14 14:55:00-04:00,2025-04-14 15:59:00-04:00,8131,usable
2025-04-17,O:SPX250417C05270000,call,0,0,False,False,,,0,no_bars
2025-04-17,O:SPX250417C05270000,call,5,0,False,False,,,0,no_bars
2025-04-17,O:SPX250417C05270000,call,10,0,False,False,,,0,no_bars
2025-04-17,O:SPX250417C05270000,call,15,0,False,False,,,0,no_bars
2025-04-17,O:SPX250417C05270000,call,20,0,False,False,,,0,no_bars
2025-04-17,O:SPX250417C05270000,call,25,0,False,False,,,0,no_bars
2025-04-17,O:SPX250417C05270000,call,30,0,False,False,,,0,no_bars
2025-04-17,O:SPX250417P05270000,put,0,0,False,False,,,0,no_bars
2025-04-17,O:SPX250417P05270000,put,5,0,False,False,,,0,no_bars
2025-04-17,O:SPX250417P05270000,put,10,0,False,False,,,0,no_bars
2025-04-17,O:SPX250417P05270000,put,15,0,False,False,,,0,no_bars
2025-04-17,O:SPX250417P05270000,put,20,0,False,False,,,0,no_bars
2025-04-17,O:SPX250417P05270000,put,25,0,False,False,,,0,no_bars
2025-04-17,O:SPX250417P05270000,put,30,0,False,False,,,0,no_bars
2025-05-07,O:SPXW250507C05625000,call,0,65,True,True,2025-05-07 14:55:00-04:00,2025-05-07 16:00:00-04:00,15818,usable
2025-05-07,O:SPXW250507C05630000,call,5,65,True,True,2025-05-07 14:55:00-04:00,2025-05-07 16:00:00-04:00,20551,usable
2025-05-07,O:SPXW250507C05635000,call,10,65,True,True,2025-05-07 14:55:00-04:00,2025-05-07 16:00:00-04:00,17340,usable
2025-05-07,O:SPXW250507C05640000,call,15,64,True,True,2025-05-07 14:55:00-04:00,2025-05-07 15:59:00-04:00,19006,usable
2025-05-07,O:SPXW250507C05645000,call,20,64,True,True,2025-05-07 14:55:00-04:00,2025-05-07 15:59:00-04:00,14296,usable
2025-05-07,O:SPXW250507C05650000,call,25,64,True,True,2025-05-07 14:55:00-04:00,2025-05-07 15:59:00-04:00,24249,usable
2025-05-07,O:SPXW250507C05655000,call,30,64,True,True,2025-05-07 14:55:00-04:00,2025-05-07 15:59:00-04:00,10629,usable
2025-05-07,O:SPXW250507P05625000,put,0,65,True,True,2025-05-07 14:55:00-04:00,2025-05-07 16:00:00-04:00,10070,usable
2025-05-07,O:SPXW250507P05620000,put,5,64,True,True,2025-05-07 14:55:00-04:00,2025-05-07 15:59:00-04:00,11861,usable
2025-05-07,O:SPXW250507P05615000,put,10,64,True,True,2025-05-07 14:55:00-04:00,2025-05-07 15:59:00-04:00,9917,usable
2025-05-07,O:SPXW250507P05610000,put,15,64,True,True,2025-05-07 14:55:00-04:00,2025-05-07 15:59:00-04:00,16078,usable
2025-05-07,O:SPXW250507P05605000,put,20,64,True,True,2025-05-07 14:55:00-04:00,2025-05-07 15:59:00-04:00,10107,usable
2025-05-07,O:SPXW250507P05600000,put,25,64,True,True,2025-05-07 14:55:00-04:00,2025-05-07 15:59:00-04:00,25284,usable
2025-05-07,O:SPXW250507P05595000,put,30,64,True,True,2025-05-07 14:55:00-04:00,2025-05-07 15:59:00-04:00,10387,usable
2025-11-06,O:SPXW251106C06750000,call,0,65,True,True,2025-11-06 14:55:00-05:00,2025-11-06 15:59:00-05:00,24532,usable
2025-11-06,O:SPXW251106C06755000,call,5,65,True,True,2025-11-06 14:55:00-05:00,2025-11-06 15:59:00-05:00,21732,usable
2025-11-06,O:SPXW251106C06760000,call,10,65,True,True,2025-11-06 14:55:00-05:00,2025-11-06 15:59:00-05:00,20408,usable
2025-11-06,O:SPXW251106C06765000,call,15,64,True,True,2025-11-06 14:55:00-05:00,2025-11-06 15:59:00-05:00,13554,usable
2025-11-06,O:SPXW251106C06770000,call,20,64,True,True,2025-11-06 14:55:00-05:00,2025-11-06 15:59:00-05:00,16598,usable
2025-11-06,O:SPXW251106C06775000,call,25,64,True,True,2025-11-06 14:55:00-05:00,2025-11-06 15:59:00-05:00,7762,usable
2025-11-06,O:SPXW251106C06780000,call,30,63,True,True,2025-11-06 14:55:00-05:00,2025-11-06 15:59:00-05:00,5629,usable
2025-11-06,O:SPXW251106P06750000,put,0,65,True,True,2025-11-06 14:55:00-05:00,2025-11-06 15:59:00-05:00,16697,usable
2025-11-06,O:SPXW251106P06745000,put,5,65,True,True,2025-11-06 14:55:00-05:00,2025-11-06 15:59:00-05:00,18533,usable
2025-11-06,O:SPXW251106P06740000,put,10,65,True,True,2025-11-06 14:55:00-05:00,2025-11-06 15:59:00-05:00,28226,usable
2025-11-06,O:SPXW251106P06735000,put,15,65,True,True,2025-11-06 14:55:00-05:00,2025-11-06 15:59:00-05:00,26556,usable
2025-11-06,O:SPXW251106P06730000,put,20,66,True,True,2025-11-06 14:55:00-05:00,2025-11-06 16:00:00-05:00,38506,usable
2025-11-06,O:SPXW251106P06725000,put,25,66,True,True,2025-11-06 14:55:00-05:00,2025-11-06 16:00:00-05:00,45141,usable
2025-11-06,O:SPXW251106P06720000,put,30,65,True,True,2025-11-06 14:55:00-05:00,2025-11-06 15:59:00-05:00,34775,usable
2025-11-20,O:SPXW251120C06595000,call,0,65,True,True,2025-11-20 14:55:00-05:00,2025-11-20 15:59:00-05:00,8414,usable
2025-11-20,O:SPXW251120C06600000,call,5,65,True,True,2025-11-20 14:55:00-05:00,2025-11-20 15:59:00-05:00,23328,usable
2025-11-20,O:SPXW251120C06605000,call,10,61,True,True,2025-11-20 14:55:00-05:00,2025-11-20 15:55:00-05:00,8204,usable
2025-11-20,O:SPXW251120C06610000,call,15,61,True,True,2025-11-20 14:55:00-05:00,2025-11-20 15:59:00-05:00,12314,usable
2025-11-20,O:SPXW251120C06615000,call,20,62,True,True,2025-11-20 14:55:00-05:00,2025-11-20 15:59:00-05:00,10580,usable
2025-11-20,O:SPXW251120C06620000,call,25,63,True,True,2025-11-20 14:55:00-05:00,2025-11-20 15:59:00-05:00,10064,usable
2025-11-20,O:SPXW251120C06625000,call,30,61,True,True,2025-11-20 14:55:00-05:00,2025-11-20 15:59:00-05:00,8448,usable
2025-11-20,O:SPXW251120P06595000,put,0,64,True,True,2025-11-20 14:55:00-05:00,2025-11-20 15:59:00-05:00,2797,usable
2025-11-20,O:SPXW251120P06590000,put,5,65,True,True,2025-11-20 14:55:00-05:00,2025-11-20 15:59:00-05:00,6876,usable
2025-11-20,O:SPXW251120P06585000,put,10,64,True,True,2025-11-20 14:55:00-05:00,2025-11-20 15:59:00-05:00,4577,usable
2025-11-20,O:SPXW251120P06580000,put,15,65,True,True,2025-11-20 14:55:00-05:00,2025-11-20 15:59:00-05:00,6717,usable
2025-11-20,O:SPXW251120P06575000,put,20,65,True,True,2025-11-20 14:55:00-05:00,2025-11-20 15:59:00-05:00,9775,usable
2025-11-20,O:SPXW251120P06570000,put,25,65,True,True,2025-11-20 14:55:00-05:00,2025-11-20 15:59:00-05:00,12161,usable
2025-11-20,O:SPXW251120P06565000,put,30,65,True,True,2025-11-20 14:55:00-05:00,2025-11-20 15:59:00-05:00,9210,usable
2026-02-04,O:SPXW260204C06905000,call,0,65,True,True,2026-02-04 14:55:00-05:00,2026-02-04 15:59:00-05:00,29748,usable
2026-02-04,O:SPXW260204C06910000,call,5,65,True,True,2026-02-04 14:55:00-05:00,2026-02-04 15:59:00-05:00,32416,usable
2026-02-04,O:SPXW260204C06915000,call,10,65,True,True,2026-02-04 14:55:00-05:00,2026-02-04 15:59:00-05:00,21505,usable
2026-02-04,O:SPXW260204C06920000,call,15,65,True,True,2026-02-04 14:55:00-05:00,2026-02-04 15:59:00-05:00,19878,usable
2026-02-04,O:SPXW260204C06925000,call,20,65,True,True,2026-02-04 14:55:00-05:00,2026-02-04 15:59:00-05:00,12527,usable
2026-02-04,O:SPXW260204C06930000,call,25,62,True,True,2026-02-04 14:55:00-05:00,2026-02-04 15:56:00-05:00,8790,usable
2026-02-04,O:SPXW260204C06935000,call,30,63,True,True,2026-02-04 14:55:00-05:00,2026-02-04 15:57:00-05:00,4563,usable
2026-02-04,O:SPXW260204P06905000,put,0,65,True,True,2026-02-04 14:55:00-05:00,2026-02-04 15:59:00-05:00,7011,usable
2026-02-04,O:SPXW260204P06900000,put,5,65,True,True,2026-02-04 14:55:00-05:00,2026-02-04 15:59:00-05:00,25259,usable
2026-02-04,O:SPXW260204P06895000,put,10,65,True,True,2026-02-04 14:55:00-05:00,2026-02-04 15:59:00-05:00,23821,usable
2026-02-04,O:SPXW260204P06890000,put,15,65,True,True,2026-02-04 14:55:00-05:00,2026-02-04 15:59:00-05:00,34989,usable
2026-02-04,O:SPXW260204P06885000,put,20,65,True,True,2026-02-04 14:55:00-05:00,2026-02-04 15:59:00-05:00,29526,usable
2026-02-04,O:SPXW260204P06880000,put,25,65,True,True,2026-02-04 14:55:00-05:00,2026-02-04 15:59:00-05:00,29460,usable
2026-02-04,O:SPXW260204P06875000,put,30,65,True,True,2026-02-04 14:55:00-05:00,2026-02-04 15:59:00-05:00,19329,usable
2026-02-05,O:SPXW260205C06810000,call,0,65,True,True,2026-02-05 14:55:00-05:00,2026-02-05 15:59:00-05:00,20954,usable
2026-02-05,O:SPXW260205C06815000,call,5,65,True,True,2026-02-05 14:55:00-05:00,2026-02-05 15:59:00-05:00,19005,usable
2026-02-05,O:SPXW260205C06820000,call,10,65,True,True,2026-02-05 14:55:00-05:00,2026-02-05 15:59:00-05:00,25991,usable
2026-02-05,O:SPXW260205C06825000,call,15,65,True,True,2026-02-05 14:55:00-05:00,2026-02-05 15:59:00-05:00,18078,usable
2026-02-05,O:SPXW260205C06830000,call,20,64,True,True,2026-02-05 14:55:00-05:00,2026-02-05 15:58:00-05:00,21129,usable
2026-02-05,O:SPXW260205C06835000,call,25,64,True,True,2026-02-05 14:55:00-05:00,2026-02-05 15:58:00-05:00,12877,usable
2026-02-05,O:SPXW260205C06840000,call,30,63,True,True,2026-02-05 14:55:00-05:00,2026-02-05 15:58:00-05:00,16124,usable
2026-02-05,O:SPXW260205P06810000,put,0,65,True,True,2026-02-05 14:55:00-05:00,2026-02-05 15:59:00-05:00,9913,usable
2026-02-05,O:SPXW260205P06805000,put,5,65,True,True,2026-02-05 14:55:00-05:00,2026-02-05 15:59:00-05:00,11493,usable
2026-02-05,O:SPXW260205P06800000,put,10,66,True,True,2026-02-05 14:55:00-05:00,2026-02-05 16:00:00-05:00,39546,usable
2026-02-05,O:SPXW260205P06795000,put,15,66,True,True,2026-02-05 14:55:00-05:00,2026-02-05 16:00:00-05:00,26476,usable
2026-02-05,O:SPXW260205P06790000,put,20,66,True,True,2026-02-05 14:55:00-05:00,2026-02-05 16:00:00-05:00,39474,usable
2026-02-05,O:SPXW260205P06785000,put,25,65,True,True,2026-02-05 14:55:00-05:00,2026-02-05 15:59:00-05:00,35173,usable
2026-02-05,O:SPXW260205P06780000,put,30,65,True,True,2026-02-05 14:55:00-05:00,2026-02-05 15:59:00-05:00,31449,usable
2026-02-11,O:SPXW260211C06950000,call,0,65,True,True,2026-02-11 14:55:00-05:00,2026-02-11 15:59:00-05:00,44764,usable
2026-02-11,O:SPXW260211C06955000,call,5,65,True,True,2026-02-11 14:55:00-05:00,2026-02-11 15:59:00-05:00,29309,usable
2026-02-11,O:SPXW260211C06960000,call,10,65,True,True,2026-02-11 14:55:00-05:00,2026-02-11 15:59:00-05:00,23875,usable
2026-02-11,O:SPXW260211C06965000,call,15,65,True,True,2026-02-11 14:55:00-05:00,2026-02-11 15:59:00-05:00,11173,usable
2026-02-11,O:SPXW260211C06970000,call,20,64,True,True,2026-02-11 14:55:00-05:00,2026-02-11 15:59:00-05:00,8058,usable
2026-02-11,O:SPXW260211C06975000,call,25,63,True,True,2026-02-11 14:55:00-05:00,2026-02-11 15:59:00-05:00,3152,usable
2026-02-11,O:SPXW260211C06980000,call,30,61,True,True,2026-02-11 14:55:00-05:00,2026-02-11 15:58:00-05:00,1618,usable
2026-02-11,O:SPXW260211P06950000,put,0,66,True,True,2026-02-11 14:55:00-05:00,2026-02-11 16:00:00-05:00,24032,usable
2026-02-11,O:SPXW260211P06945000,put,5,66,True,True,2026-02-11 14:55:00-05:00,2026-02-11 16:00:00-05:00,47973,usable
2026-02-11,O:SPXW260211P06940000,put,10,66,True,True,2026-02-11 14:55:00-05:00,2026-02-11 16:00:00-05:00,55529,usable
2026-02-11,O:SPXW260211P06935000,put,15,66,True,True,2026-02-11 14:55:00-05:00,2026-02-11 16:00:00-05:00,28419,usable
2026-02-11,O:SPXW260211P06930000,put,20,66,True,True,2026-02-11 14:55:00-05:00,2026-02-11 16:00:00-05:00,18034,usable
2026-02-11,O:SPXW260211P06925000,put,25,65,True,True,2026-02-11 14:55:00-05:00,2026-02-11 15:59:00-05:00,8274,usable
2026-02-11,O:SPXW260211P06920000,put,30,63,True,True,2026-02-11 14:55:00-05:00,2026-02-11 15:59:00-05:00,7132,usable
2026-02-17,O:SPXW260217C06855000,call,0,65,True,True,2026-02-17 14:55:00-05:00,2026-02-17 15:59:00-05:00,25237,usable
2026-02-17,O:SPXW260217C06860000,call,5,65,True,True,2026-02-17 14:55:00-05:00,2026-02-17 15:59:00-05:00,25305,usable
2026-02-17,O:SPXW260217C06865000,call,10,65,True,True,2026-02-17 14:55:00-05:00,2026-02-17 15:59:00-05:00,22890,usable
2026-02-17,O:SPXW260217C06870000,call,15,65,True,True,2026-02-17 14:55:00-05:00,2026-02-17 15:59:00-05:00,19089,usable
2026-02-17,O:SPXW260217C06875000,call,20,62,True,True,2026-02-17 14:55:00-05:00,2026-02-17 15:59:00-05:00,8459,usable
2026-02-17,O:SPXW260217C06880000,call,25,64,True,True,2026-02-17 14:55:00-05:00,2026-02-17 15:59:00-05:00,6065,usable
2026-02-17,O:SPXW260217C06885000,call,30,60,True,True,2026-02-17 14:55:00-05:00,2026-02-17 15:59:00-05:00,4344,usable
2026-02-17,O:SPXW260217P06855000,put,0,65,True,True,2026-02-17 14:55:00-05:00,2026-02-17 15:59:00-05:00,12123,usable
2026-02-17,O:SPXW260217P06850000,put,5,65,True,True,2026-02-17 14:55:00-05:00,2026-02-17 15:59:00-05:00,24565,usable
2026-02-17,O:SPXW260217P06845000,put,10,66,True,True,2026-02-17 14:55:00-05:00,2026-02-17 16:00:00-05:00,28804,usable
2026-02-17,O:SPXW260217P06840000,put,15,66,True,True,2026-02-17 14:55:00-05:00,2026-02-17 16:00:00-05:00,52637,usable
2026-02-17,O:SPXW260217P06835000,put,20,65,True,True,2026-02-17 14:55:00-05:00,2026-02-17 15:59:00-05:00,33051,usable
2026-02-17,O:SPXW260217P06830000,put,25,66,True,True,2026-02-17 14:55:00-05:00,2026-02-17 16:00:00-05:00,23826,usable
2026-02-17,O:SPXW260217P06825000,put,30,65,True,True,2026-02-17 14:55:00-05:00,2026-02-17 15:59:00-05:00,12641,usable
2026-03-03,O:SPXW260303C06825000,call,0,65,True,True,2026-03-03 14:55:00-05:00,2026-03-03 15:59:00-05:00,24597,usable
2026-03-03,O:SPXW260303C06830000,call,5,65,True,True,2026-03-03 14:55:00-05:00,2026-03-03 15:59:00-05:00,30558,usable
2026-03-03,O:SPXW260303C06835000,call,10,65,True,True,2026-03-03 14:55:00-05:00,2026-03-03 15:59:00-05:00,24663,usable
2026-03-03,O:SPXW260303C06840000,call,15,65,True,True,2026-03-03 14:55:00-05:00,2026-03-03 15:59:00-05:00,24961,usable
2026-03-03,O:SPXW260303C06845000,call,20,65,True,True,2026-03-03 14:55:00-05:00,2026-03-03 15:59:00-05:00,15308,usable
2026-03-03,O:SPXW260303C06850000,call,25,64,True,True,2026-03-03 14:55:00-05:00,2026-03-03 15:59:00-05:00,19995,usable
2026-03-03,O:SPXW260303C06855000,call,30,65,True,True,2026-03-03 14:55:00-05:00,2026-03-03 15:59:00-05:00,8746,usable
2026-03-03,O:SPXW260303P06825000,put,0,65,True,True,2026-03-03 14:55:00-05:00,2026-03-03 15:59:00-05:00,14192,usable
2026-03-03,O:SPXW260303P06820000,put,5,66,True,True,2026-03-03 14:55:00-05:00,2026-03-03 16:00:00-05:00,18464,usable
2026-03-03,O:SPXW260303P06815000,put,10,66,True,True,2026-03-03 14:55:00-05:00,2026-03-03 16:00:00-05:00,25582,usable
2026-03-03,O:SPXW260303P06810000,put,15,66,True,True,2026-03-03 14:55:00-05:00,2026-03-03 16:00:00-05:00,36593,usable
2026-03-03,O:SPXW260303P06805000,put,20,65,True,True,2026-03-03 14:55:00-05:00,2026-03-03 15:59:00-05:00,25990,usable
2026-03-03,O:SPXW260303P06800000,put,25,65,True,True,2026-03-03 14:55:00-05:00,2026-03-03 15:59:00-05:00,42610,usable
2026-03-03,O:SPXW260303P06795000,put,30,65,True,True,2026-03-03 14:55:00-05:00,2026-03-03 15:59:00-05:00,13665,usable
2026-03-05,O:SPXW260305C06785000,call,0,65,True,True,2026-03-05 14:55:00-05:00,2026-03-05 15:59:00-05:00,6590,usable
2026-03-05,O:SPXW260305C06790000,call,5,64,True,True,2026-03-05 14:55:00-05:00,2026-03-05 15:59:00-05:00,8963,usable
2026-03-05,O:SPXW260305C06795000,call,10,65,True,True,2026-03-05 14:55:00-05:00,2026-03-05 15:59:00-05:00,7776,usable
2026-03-05,O:SPXW260305C06800000,call,15,65,True,True,2026-03-05 14:55:00-05:00,2026-03-05 15:59:00-05:00,21569,usable
2026-03-05,O:SPXW260305C06805000,call,20,65,True,True,2026-03-05 14:55:00-05:00,2026-03-05 15:59:00-05:00,17391,usable
2026-03-05,O:SPXW260305C06810000,call,25,65,True,True,2026-03-05 14:55:00-05:00,2026-03-05 15:59:00-05:00,25112,usable
2026-03-05,O:SPXW260305C06815000,call,30,65,True,True,2026-03-05 14:55:00-05:00,2026-03-05 15:59:00-05:00,26383,usable
2026-03-05,O:SPXW260305P06785000,put,0,64,True,True,2026-03-05 14:55:00-05:00,2026-03-05 15:59:00-05:00,16442,usable
2026-03-05,O:SPXW260305P06780000,put,5,65,True,True,2026-03-05 14:55:00-05:00,2026-03-05 15:59:00-05:00,18857,usable
2026-03-05,O:SPXW260305P06775000,put,10,64,True,True,2026-03-05 14:55:00-05:00,2026-03-05 15:59:00-05:00,15585,usable
2026-03-05,O:SPXW260305P06770000,put,15,64,True,True,2026-03-05 14:55:00-05:00,2026-03-05 15:59:00-05:00,13824,usable
2026-03-05,O:SPXW260305P06765000,put,20,62,True,True,2026-03-05 14:55:00-05:00,2026-03-05 15:59:00-05:00,9424,usable
2026-03-05,O:SPXW260305P06760000,put,25,61,True,True,2026-03-05 14:55:00-05:00,2026-03-05 15:57:00-05:00,13176,usable
2026-03-05,O:SPXW260305P06755000,put,30,62,True,True,2026-03-05 14:55:00-05:00,2026-03-05 15:57:00-05:00,7604,usable
2026-03-06,O:SPXW260306C06765000,call,0,65,True,True,2026-03-06 14:55:00-05:00,2026-03-06 15:59:00-05:00,15863,usable
2026-03-06,O:SPXW260306C06770000,call,5,65,True,True,2026-03-06 14:55:00-05:00,2026-03-06 15:59:00-05:00,20656,usable
2026-03-06,O:SPXW260306C06775000,call,10,65,True,True,2026-03-06 14:55:00-05:00,2026-03-06 15:59:00-05:00,16489,usable
2026-03-06,O:SPXW260306C06780000,call,15,64,True,True,2026-03-06 14:55:00-05:00,2026-03-06 15:59:00-05:00,18749,usable
2026-03-06,O:SPXW260306C06785000,call,20,61,True,True,2026-03-06 14:55:00-05:00,2026-03-06 15:58:00-05:00,12456,usable
2026-03-06,O:SPXW260306C06790000,call,25,62,True,True,2026-03-06 14:55:00-05:00,2026-03-06 15:58:00-05:00,11816,usable
2026-03-06,O:SPXW260306C06795000,call,30,64,True,True,2026-03-06 14:55:00-05:00,2026-03-06 15:58:00-05:00,8138,usable
2026-03-06,O:SPXW260306P06765000,put,0,66,True,True,2026-03-06 14:55:00-05:00,2026-03-06 16:00:00-05:00,5141,usable
2026-03-06,O:SPXW260306P06760000,put,5,66,True,True,2026-03-06 14:55:00-05:00,2026-03-06 16:00:00-05:00,7529,usable
2026-03-06,O:SPXW260306P06755000,put,10,66,True,True,2026-03-06 14:55:00-05:00,2026-03-06 16:00:00-05:00,9309,usable
2026-03-06,O:SPXW260306P06750000,put,15,65,True,True,2026-03-06 14:55:00-05:00,2026-03-06 15:59:00-05:00,19748,usable
2026-03-06,O:SPXW260306P06745000,put,20,66,True,True,2026-03-06 14:55:00-05:00,2026-03-06 16:00:00-05:00,12705,usable
2026-03-06,O:SPXW260306P06740000,put,25,66,True,True,2026-03-06 14:55:00-05:00,2026-03-06 16:00:00-05:00,26104,usable
2026-03-06,O:SPXW260306P06735000,put,30,66,True,True,2026-03-06 14:55:00-05:00,2026-03-06 16:00:00-05:00,27968,usable
2026-03-09,O:SPXW260309C06715000,call,0,61,True,True,2026-03-09 14:55:00-04:00,2026-03-09 15:59:00-04:00,7669,usable
2026-03-09,O:SPXW260309C06720000,call,5,60,True,True,2026-03-09 14:55:00-04:00,2026-03-09 15:59:00-04:00,12996,usable
2026-03-09,O:SPXW260309C06725000,call,10,61,True,True,2026-03-09 14:55:00-04:00,2026-03-09 15:59:00-04:00,12929,usable
2026-03-09,O:SPXW260309C06730000,call,15,61,True,True,2026-03-09 14:55:00-04:00,2026-03-09 15:59:00-04:00,15723,usable
2026-03-09,O:SPXW260309C06735000,call,20,60,True,True,2026-03-09 14:55:00-04:00,2026-03-09 15:59:00-04:00,11539,usable
2026-03-09,O:SPXW260309C06740000,call,25,60,True,True,2026-03-09 14:55:00-04:00,2026-03-09 15:59:00-04:00,16725,usable
2026-03-09,O:SPXW260309C06745000,call,30,61,True,True,2026-03-09 14:55:00-04:00,2026-03-09 15:59:00-04:00,10304,usable
2026-03-09,O:SPXW260309P06715000,put,0,60,True,True,2026-03-09 14:55:00-04:00,2026-03-09 15:59:00-04:00,12629,usable
2026-03-09,O:SPXW260309P06710000,put,5,56,True,True,2026-03-09 14:55:00-04:00,2026-03-09 15:55:00-04:00,14768,usable
2026-03-09,O:SPXW260309P06705000,put,10,55,True,True,2026-03-09 14:55:00-04:00,2026-03-09 15:59:00-04:00,10011,usable
2026-03-09,O:SPXW260309P06700000,put,15,57,True,True,2026-03-09 14:55:00-04:00,2026-03-09 15:58:00-04:00,30899,usable
2026-03-09,O:SPXW260309P06695000,put,20,58,True,True,2026-03-09 14:55:00-04:00,2026-03-09 15:59:00-04:00,9073,usable
2026-03-09,O:SPXW260309P06690000,put,25,54,True,True,2026-03-09 14:55:00-04:00,2026-03-09 15:58:00-04:00,10950,usable
2026-03-09,O:SPXW260309P06685000,put,30,57,True,True,2026-03-09 14:55:00-04:00,2026-03-09 15:56:00-04:00,5155,usable
2026-03-13,O:SPXW260313C06650000,call,0,65,True,True,2026-03-13 14:55:00-04:00,2026-03-13 15:59:00-04:00,29955,usable
2026-03-13,O:SPXW260313C06655000,call,5,65,True,True,2026-03-13 14:55:00-04:00,2026-03-13 15:59:00-04:00,20707,usable
2026-03-13,O:SPXW260313C06660000,call,10,64,True,True,2026-03-13 14:55:00-04:00,2026-03-13 15:58:00-04:00,21468,usable
2026-03-13,O:SPXW260313C06665000,call,15,65,True,True,2026-03-13 14:55:00-04:00,2026-03-13 15:59:00-04:00,13854,usable
2026-03-13,O:SPXW260313C06670000,call,20,65,True,True,2026-03-13 14:55:00-04:00,2026-03-13 15:59:00-04:00,14047,usable
2026-03-13,O:SPXW260313C06675000,call,25,64,True,True,2026-03-13 14:55:00-04:00,2026-03-13 15:59:00-04:00,8238,usable
2026-03-13,O:SPXW260313C06680000,call,30,63,True,True,2026-03-13 14:55:00-04:00,2026-03-13 15:58:00-04:00,7653,usable
2026-03-13,O:SPXW260313P06650000,put,0,65,True,True,2026-03-13 14:55:00-04:00,2026-03-13 15:59:00-04:00,12456,usable
2026-03-13,O:SPXW260313P06645000,put,5,65,True,True,2026-03-13 14:55:00-04:00,2026-03-13 15:59:00-04:00,9804,usable
2026-03-13,O:SPXW260313P06640000,put,10,65,True,True,2026-03-13 14:55:00-04:00,2026-03-13 15:59:00-04:00,18752,usable
2026-03-13,O:SPXW260313P06635000,put,15,66,True,True,2026-03-13 14:55:00-04:00,2026-03-13 16:00:00-04:00,22284,usable
2026-03-13,O:SPXW260313P06630000,put,20,66,True,True,2026-03-13 14:55:00-04:00,2026-03-13 16:00:00-04:00,37448,usable
2026-03-13,O:SPXW260313P06625000,put,25,66,True,True,2026-03-13 14:55:00-04:00,2026-03-13 16:00:00-04:00,32988,usable
2026-03-13,O:SPXW260313P06620000,put,30,66,True,True,2026-03-13 14:55:00-04:00,2026-03-13 16:00:00-04:00,40011,usable
2026-03-20,O:SPX260320C06505000,call,0,0,False,False,,,0,no_bars
2026-03-20,O:SPX260320C06510000,call,5,0,False,False,,,0,no_bars
2026-03-20,O:SPX260320C06515000,call,10,0,False,False,,,0,no_bars
2026-03-20,O:SPX260320C06520000,call,15,0,False,False,,,0,no_bars
2026-03-20,O:SPX260320C06525000,call,20,0,False,False,,,0,no_bars
2026-03-20,O:SPX260320C06530000,call,25,0,False,False,,,0,no_bars
2026-03-20,O:SPX260320C06535000,call,30,0,False,False,,,0,no_bars
2026-03-20,O:SPX260320P06505000,put,0,0,False,False,,,0,no_bars
2026-03-20,O:SPX260320P06500000,put,5,0,False,False,,,0,no_bars
2026-03-20,O:SPX260320P06495000,put,10,0,False,False,,,0,no_bars
2026-03-20,O:SPX260320P06490000,put,15,0,False,False,,,0,no_bars
2026-03-20,O:SPX260320P06485000,put,20,0,False,False,,,0,no_bars
2026-03-20,O:SPX260320P06480000,put,25,0,False,False,,,0,no_bars
2026-03-20,O:SPX260320P06475000,put,30,0,False,False,,,0,no_bars
