strategy,policy,otm_offset_points,trades,win_rate,total_pnl_usd,mean_pnl_usd,median_pnl_usd,mean_return_on_premium,median_return_on_premium,profit_factor,max_drawdown_usd,median_holding_minutes,mean_holding_minutes,near_total_loss_rate,mean_mfe,mean_mae,ambiguous_bar_rate
MeanReversion60m,breakeven_after_50,0,17,0.11764705882352941,697.34625,41.020367647058826,-77.07749999999993,0.012768934538666066,-0.05402892561983476,1.190437909186149,-2218.3912499999997,20.0,22.647058823529413,0.0,1.5668738389956955,-0.5995396058190984,0.0
MeanReversion60m,breakeven_after_50,5,17,0.11764705882352941,391.6624999999999,23.038970588235287,-87.525,-0.021822094735141954,-0.05924170616113751,1.1337628018766834,-1878.8475000000003,12.0,21.0,0.0,1.8156300700561425,-0.6538360311261906,0.0
MeanReversion60m,breakeven_after_50,10,17,0.058823529411764705,-1406.7437500000003,-82.74963235294119,-73.87500000000003,-0.20778636314422758,-0.0661577608142494,0.34120969984340926,-1626.8062499999999,11.0,18.11764705882353,0.0,2.0263328132747596,-0.719338226767015,0.0
MeanReversion60m,breakeven_after_50,15,17,0.0,-1721.36,-101.25647058823529,-86.50000000000001,-0.30561839951802156,-0.35091743119266045,0.0,-1550.8599999999997,10.0,14.529411764705882,0.0,2.174418225781013,-0.7730331489800308,0.0
MeanReversion60m,breakeven_after_50,20,17,0.0,-1163.0025,-68.41191176470589,-54.449999999999996,-0.32208766528135224,-0.38279569892473125,0.0,-1042.3775,10.0,16.0,0.0,2.2246944970187834,-0.8416861100476586,0.0
MeanReversion60m,breakeven_after_50,25,17,0.0,-1025.4200000000003,-60.31882352941178,-46.57500000000005,-0.3831939736015699,-0.5607940446650125,0.0,-937.4200000000001,8.0,12.176470588235293,0.0,2.243574622048274,-0.8646610925399099,0.0
MeanReversion60m,breakeven_after_50,30,17,0.0,-778.375,-45.786764705882355,-40.80000000000001,-0.41611235820382464,-0.583617747440273,0.0,-715.375,10.0,15.470588235294118,0.058823529411764705,2.053674877078664,-0.8758306201252342,0.0
MeanReversion60m,hold_to_close,0,17,0.6470588235294118,9691.400000000001,570.0823529411765,252.99999999999997,0.5590996505727012,0.5004945598417408,3.0528277907223047,-1604.0,59.0,58.94117647058823,0.29411764705882354,1.5668738389956955,-0.5995396058190984,0.0
MeanReversion60m,hold_to_close,5,17,0.47058823529411764,7039.05,414.06176470588235,-80.49999999999999,0.548578537530761,-0.17000742390497403,2.577590264237209,-1610.3000000000002,59.0,58.76470588235294,0.29411764705882354,1.8156300700561425,-0.6538360311261906,0.0
MeanReversion60m,hold_to_close,10,17,0.47058823529411764,5333.5,313.7352941176471,-198.00000000000003,0.4860310605786914,-0.2646229739252996,2.3090110321638506,-1820.9499999999998,59.0,59.0,0.47058823529411764,2.0263328132747596,-0.719338226767015,0.0
MeanReversion60m,hold_to_close,15,17,0.35294117647058826,2682.3999999999996,157.7882352941176,-150.00000000000003,0.2931565672471046,-0.6023094315245477,1.728072199226437,-1511.9999999999998,59.0,58.94117647058823,0.47058823529411764,2.174418225781013,-0.7730331489800308,0.0
MeanReversion60m,hold_to_close,20,17,0.23529411764705882,1112.2000000000007,65.42352941176475,-210.00000000000003,0.05978326655098087,-1.002255299954894,1.297212794954705,-1829.8500000000001,59.0,59.0,0.7058823529411765,2.2246944970187834,-0.8416861100476586,0.0
MeanReversion60m,hold_to_close,25,17,0.17647058823529413,515.9499999999999,30.349999999999994,-173.00000000000003,-0.0793654522028542,-1.0074441687344913,1.155727932632087,-1621.5,59.0,58.8235294117647,0.7647058823529411,2.243574622048274,-0.8646610925399099,0.0
MeanReversion60m,hold_to_close,30,17,0.11764705882352941,-152.39999999999998,-8.96470588235294,-123.00000000000001,-0.41557037502586486,-1.0102389078498293,0.9430599663739958,-1402.5,59.0,58.64705882352941,0.8235294117647058,2.053674877078664,-0.8758306201252342,0.0
MeanReversion60m,stop40_tp80,0,17,0.4117647058823529,1943.9789999999998,114.35170588235293,-314.535,0.036049732465441874,-0.432488114104596,1.5189068724272092,-1912.0814999999998,12.0,12.529411764705882,0.0,1.5668738389956955,-0.5995396058190984,0.0
MeanReversion60m,stop40_tp80,5,17,0.4117647058823529,1783.9065,104.93567647058823,-210.68999999999997,0.03479034472562971,-0.4332914046121593,1.6458687127006204,-1477.3814999999997,9.0,11.117647058823529,0.0,1.8156300700561425,-0.6538360311261906,0.0
MeanReversion60m,stop40_tp80,10,17,0.35294117647058826,1373.0065000000002,80.76508823529413,-147.48000000000002,-0.03543043680299656,-0.4346587537091989,1.661508642090107,-1319.9479999999999,8.0,9.411764705882353,0.0,2.0263328132747596,-0.719338226767015,0.0
MeanReversion60m,stop40_tp80,15,17,0.35294117647058826,1309.9345,77.05497058823529,-103.30000000000001,-0.0426578235239282,-0.4363821138211383,1.8884525908844274,-940.1600000000001,7.0,8.705882352941176,0.0,2.174418225781013,-0.7730331489800308,0.0
MeanReversion60m,stop40_tp80,20,17,0.35294117647058826,1195.8804999999998,70.34591176470587,-73.0,-0.05750968232382391,-0.4451730418943534,2.1118781088745293,-690.1500000000001,3.0,7.529411764705882,0.0,2.2246944970187834,-0.8416861100476586,0.0
MeanReversion60m,stop40_tp80,25,17,0.35294117647058826,987.6669999999999,58.098058823529406,-51.0,-0.07972814519696231,-0.4615384615384616,2.229665089641434,-523.1999999999999,3.0,7.0588235294117645,0.0,2.243574622048274,-0.8646610925399099,0.0
MeanReversion60m,stop40_tp80,30,17,0.29411764705882354,331.3949999999999,19.49382352941176,-46.99999999999999,-0.17999491164925963,-0.48464163822525586,1.4072467419154653,-405.3999999999999,1.0,5.647058823529412,0.058823529411764705,2.053674877078664,-0.8758306201252342,0.0
MeanReversion60m,stop50_only,0,17,0.35294117647058826,6380.911249999999,375.34772058823523,-427.4625000000001,0.32374232301760564,-0.5273375594294771,2.2332196520662295,-2540.7512500000003,42.0,34.64705882352941,0.0,1.5668738389956955,-0.5995396058190984,0.0
MeanReversion60m,stop50_only,5,17,0.23529411764705882,2968.6450000000004,174.62617647058826,-333.75,0.10848579467747509,-0.5282546337157987,1.662414050480246,-1834.8400000000001,35.0,31.41176470588235,0.0,1.8156300700561425,-0.6538360311261906,0.0
MeanReversion60m,stop50_only,10,17,0.23529411764705882,3170.3737499999997,186.49257352941174,-234.52500000000003,0.13938925818091955,-0.5293768545994064,1.9402263023991109,-1338.10875,31.0,30.176470588235293,0.0,2.0263328132747596,-0.719338226767015,0.0
MeanReversion60m,stop50_only,15,17,0.11764705882352941,1340.4837500000003,78.85198529411767,-175.75,-0.024369180758748107,-0.5331978319783198,1.4329075926469406,-1403.3,23.0,25.88235294117647,0.0,2.174418225781013,-0.7730331489800308,0.0
MeanReversion60m,stop50_only,20,17,0.17647058823529413,1766.8100000000004,103.93000000000002,-120.625,0.008285172339869872,-0.5454967502321263,1.7665984015550562,-1134.74,16.0,26.529411764705884,0.0,2.2246944970187834,-0.8416861100476586,0.0
MeanReversion60m,stop50_only,25,17,0.11764705882352941,1511.5874999999996,88.91691176470586,-98.0,-0.01860910501229493,-0.5656836461126005,1.7827952952142982,-923.6875,12.0,22.764705882352942,0.0,2.243574622048274,-0.8646610925399099,0.0
MeanReversion60m,stop50_only,30,17,0.11764705882352941,988.1625000000001,58.127205882352946,-73.0,-0.09686398498836632,-0.5931558935361216,1.6433611393692777,-772.4375,16.0,25.647058823529413,0.058823529411764705,2.053674877078664,-0.8758306201252342,0.0
MeanReversion60m,stop50_tp100,0,17,0.47058823529411764,2103.86875,123.75698529411765,-355.80000000000007,0.09193029764920135,-0.5272868217054264,1.5044733137290223,-1822.5512500000004,21.0,23.176470588235293,0.0,1.5668738389956955,-0.5995396058190984,0.0
MeanReversion60m,stop50_tp100,5,17,0.35294117647058826,641.1800000000001,37.716470588235296,-328.2375,-0.008625446649098511,-0.5280922431865829,1.1737306792425735,-1383.8400000000001,12.0,19.294117647058822,0.0,1.8156300700561425,-0.6538360311261906,0.0
MeanReversion60m,stop50_tp100,10,17,0.47058823529411764,3009.77125,177.0453676470588,-141.62500000000003,0.137722047468401,-0.5292275723703066,2.438953667309902,-746.5674999999997,11.0,12.941176470588236,0.0,2.0263328132747596,-0.719338226767015,0.0
MeanReversion60m,stop50_tp100,15,17,0.4117647058823529,1919.0925,112.88779411764706,-125.875,0.04669306622395445,-0.5322793148880106,2.11273510034572,-962.0374999999999,8.0,11.882352941176471,0.0,2.174418225781013,-0.7730331489800308,0.0
MeanReversion60m,stop50_tp100,20,17,0.4117647058823529,2027.22,119.24823529411765,-58.00000000000001,0.02910653758618486,-0.5446265938069217,2.782367293109133,-534.875,10.0,10.823529411764707,0.0,2.2246944970187834,-0.8416861100476586,0.0
MeanReversion60m,stop50_tp100,25,17,0.35294117647058826,1306.6799999999998,76.8635294117647,-60.49999999999999,-0.07689967807426071,-0.5607940446650125,2.349527498063517,-631.25,7.0,10.117647058823529,0.0,2.243574622048274,-0.8646610925399099,0.0
MeanReversion60m,stop50_tp100,30,17,0.4117647058823529,1370.25,80.6029411764706,-36.5,-0.023978470254456572,-0.583617747440273,3.1544811320754715,-309.5,10.0,10.529411764705882,0.058823529411764705,2.053674877078664,-0.8758306201252342,0.0
MeanReversion60m,stop60_tp120,0,17,0.5294117647058824,4092.0145000000016,240.70673529411775,123.50000000000006,0.2212204572556897,0.06284987277353693,1.9328931439892216,-1178.4700000000003,21.0,26.235294117647058,0.0,1.5668738389956955,-0.5995396058190984,0.0
MeanReversion60m,stop60_tp120,5,17,0.4117647058823529,1788.8995000000007,105.22938235294122,-373.0000000000001,0.10258803385149037,-0.6228267103646047,1.448941627784649,-1624.0419999999997,21.0,25.529411764705884,0.0,1.8156300700561425,-0.6538360311261906,0.0
MeanReversion60m,stop60_tp120,10,17,0.4117647058823529,1438.8490000000006,84.63817647058828,-271.29999999999995,0.0965702208265633,-0.6237808219178081,1.4838716620196886,-1216.62,17.0,20.764705882352942,0.0,2.0263328132747596,-0.719338226767015,0.0
MeanReversion60m,stop60_tp120,15,17,0.35294117647058826,343.67800000000074,20.216352941176513,-183.1,-0.0343384178031059,-0.6318840579710145,1.1235221854583124,-1009.678,12.0,18.941176470588236,0.0,2.174418225781013,-0.7730331489800308,0.0
MeanReversion60m,stop60_tp120,20,17,0.35294117647058826,738.6695000000004,43.45114705882355,-102.99999999999999,-0.05170429799912123,-0.64408014571949,1.3730974376587892,-820.9300000000001,13.0,19.176470588235293,0.0,2.2246944970187834,-0.8416861100476586,0.0
MeanReversion60m,stop60_tp120,25,17,0.4117647058823529,2043.8280000000007,120.22517647058828,-52.0,0.027147622260738184,-0.6600496277915632,3.0953742054541733,-466.4000000000001,11.0,13.235294117647058,0.058823529411764705,2.243574622048274,-0.8646610925399099,0.0
MeanReversion60m,stop60_tp120,30,17,0.35294117647058826,1425.0750000000003,83.8279411764706,-53.8,-0.10618859514170116,-0.68259385665529,2.6900794592030364,-464.4000000000001,11.0,13.705882352941176,0.11764705882352941,2.053674877078664,-0.8758306201252342,0.0
MeanReversion60m,time_exit_1530,0,17,0.5882352941176471,1856.1500000000005,109.18529411764709,112.29999999999995,0.06748266354212733,0.15468319559228644,1.4636897327004745,-1540.5000000000002,30.0,30.0,0.23529411764705882,1.5668738389956955,-0.5995396058190984,0.0
MeanReversion60m,time_exit_1530,5,17,0.5294117647058824,1934.15,113.77352941176471,93.49999999999999,0.07222713748367751,0.19298245614035084,1.6108742340976565,-1220.3000000000002,30.0,30.0,0.23529411764705882,1.8156300700561425,-0.6538360311261906,0.0
MeanReversion60m,time_exit_1530,10,17,0.5294117647058824,1682.25,98.95588235294117,43.849999999999966,0.06330118406550561,0.1299259259259258,1.7025034973795752,-892.95,30.0,30.0,0.23529411764705882,2.0263328132747596,-0.719338226767015,0.0
MeanReversion60m,time_exit_1530,15,17,0.5294117647058824,1331.85,78.34411764705882,7.800000000000054,0.03582242805458481,0.03432343234323457,1.7615358225170106,-617.25,30.0,30.0,0.23529411764705882,2.174418225781013,-0.7730331489800308,0.0
MeanReversion60m,time_exit_1530,20,17,0.47058823529411764,942.7499999999998,55.45588235294116,-16.00000000000001,-0.018868426768175683,-0.10561056105610568,1.7045964125560538,-511.5,30.0,30.0,0.23529411764705882,2.2246944970187834,-0.8416861100476586,0.0
MeanReversion60m,time_exit_1530,25,17,0.35294117647058826,599.3,35.252941176470586,-20.999999999999993,-0.08829991608214541,-0.21761658031088074,1.5795097423004396,-446.15,30.0,30.0,0.29411764705882354,2.243574622048274,-0.8646610925399099,0.0
MeanReversion60m,time_exit_1530,30,17,0.35294117647058826,284.7499999999999,16.749999999999993,-25.999999999999986,-0.14499464987923516,-0.3741007194244602,1.3481051344743276,-380.00000000000006,30.0,30.0,0.29411764705882354,2.053674877078664,-0.8758306201252342,0.0
MeanReversion60m,time_exit_1545,0,17,0.47058823529411764,4570.95,268.8794117647059,-91.49999999999997,0.2367411868089,-0.11010830324909744,1.7689635449085679,-1943.7000000000003,45.0,45.0,0.29411764705882354,1.5668738389956955,-0.5995396058190984,0.0
MeanReversion60m,time_exit_1545,5,17,0.4117647058823529,4387.650000000001,258.09705882352944,-168.49999999999994,0.29161595500745496,-0.2624610591900311,1.888700971208086,-1664.0,45.0,45.0,0.35294117647058826,1.8156300700561425,-0.6538360311261906,0.0
MeanReversion60m,time_exit_1545,10,17,0.4117647058823529,3949.8500000000004,232.34411764705885,-195.69999999999996,0.3041821980760253,-0.4004501739308368,2.0170327265236763,-1343.35,45.0,45.0,0.35294117647058826,2.0263328132747596,-0.719338226767015,0.0
MeanReversion60m,time_exit_1545,15,17,0.35294117647058826,3178.8,186.98823529411766,-150.00000000000003,0.3071614779668702,-0.6561264822134387,2.0388235294117645,-1144.85,45.0,45.0,0.4117647058823529,2.174418225781013,-0.7730331489800308,0.0
MeanReversion60m,time_exit_1545,20,17,0.35294117647058826,2354.7000000000003,138.51176470588237,-110.50000000000011,0.21746367249560516,-0.7947368421052632,1.9581298828125002,-1018.3500000000001,45.0,45.0,0.47058823529411764,2.2246944970187834,-0.8416861100476586,0.0
MeanReversion60m,time_exit_1545,25,17,0.35294117647058826,1576.6499999999996,92.7441176470588,-128.0,0.16227150021022296,-0.8905194502678779,1.790994606797943,-914.0999999999999,45.0,45.0,0.5294117647058824,2.243574622048274,-0.8646610925399099,0.0
MeanReversion60m,time_exit_1545,30,17,0.35294117647058826,925.95,54.46764705882353,-88.0,0.05070090916067002,-0.9648562300319489,1.5630586804499846,-838.5,45.0,44.94117647058823,0.5294117647058824,2.053674877078664,-0.8758306201252342,0.0
MeanReversion60m,tp100_only,0,17,0.7647058823529411,6922.34,407.1964705882353,658.5,0.3874001188949454,0.8940936863543788,3.1120793287566744,-906.0,51.0,43.76470588235294,0.23529411764705882,1.5668738389956955,-0.5995396058190984,0.0
MeanReversion60m,tp100_only,5,17,0.7058823529411765,4934.705,290.27676470588233,488.40000000000003,0.37368881820051475,0.892054794520548,2.7770553494904386,-681.3000000000002,52.0,40.88235294117647,0.23529411764705882,1.8156300700561425,-0.6538360311261906,0.0
MeanReversion60m,tp100_only,10,17,0.7058823529411765,4386.125,258.00735294117646,356.09999999999997,0.3101737001250845,0.8891385767790261,3.0636218212613806,-1205.9499999999998,32.0,35.0,0.29411764705882354,2.0263328132747596,-0.719338226767015,0.0
MeanReversion60m,tp100_only,15,17,0.6470588235294118,3265.23,192.07235294117646,256.875,0.24726617565361472,0.8850129198966409,2.9825318761384336,-838.5,32.0,34.64705882352941,0.29411764705882354,2.174418225781013,-0.7730331489800308,0.0
MeanReversion60m,tp100_only,20,17,0.5882352941176471,2113.57,124.32764705882354,132.0,0.10988013436888032,0.8712871287128713,2.4109279038718294,-591.0,32.0,34.94117647058823,0.4117647058823529,2.2246944970187834,-0.8416861100476586,0.0
MeanReversion60m,tp100_only,25,17,0.5294117647058824,1581.7799999999997,93.04588235294116,81.99999999999999,-0.010891675148334667,0.8497409326424868,2.371882046834345,-496.0,32.0,36.411764705882355,0.47058823529411764,2.243574622048274,-0.8646610925399099,0.0
MeanReversion60m,tp100_only,30,17,0.5294117647058824,1337.25,78.66176470588235,54.999999999999986,-0.019970575774389706,0.7913669064748199,2.595763723150358,-371.0,32.0,36.23529411764706,0.47058823529411764,2.053674877078664,-0.8758306201252342,0.0
MeanReversion60m,trail25_after_50,0,17,0.5882352941176471,340.81125000000054,20.047720588235325,93.74999999999994,-0.03326484639223923,0.11281588447653423,1.1062453311698408,-1160.8762500000003,14.0,14.764705882352942,0.0,1.5668738389956955,-0.5995396058190984,0.0
MeanReversion60m,trail25_after_50,5,17,0.5294117647058824,-74.12249999999993,-4.360147058823525,31.12500000000005,-0.09225825419886262,0.06820975010241712,0.9714002945917244,-838.2825,8.0,11.647058823529411,0.0,1.8156300700561425,-0.6538360311261906,0.0
MeanReversion60m,trail25_after_50,10,17,0.5294117647058824,503.29125,29.605367647058824,11.000000000000012,-0.06853305116242714,0.055979643765903364,1.2745935822932346,-597.9875,8.0,11.0,0.0,2.0263328132747596,-0.719338226767015,0.0
MeanReversion60m,trail25_after_50,15,17,0.47058823529411764,292.63750000000016,17.213970588235302,-86.50000000000001,-0.0857767572940795,-0.35091743119266045,1.1987807052550248,-696.6625,6.0,10.117647058823529,0.0,2.174418225781013,-0.7730331489800308,0.0
MeanReversion60m,trail25_after_50,20,17,0.47058823529411764,791.8124999999998,46.57720588235293,-52.0,-0.08009505039963788,-0.38279569892473125,1.8349149861605376,-324.76250000000005,7.0,8.941176470588236,0.0,2.2246944970187834,-0.8416861100476586,0.0
MeanReversion60m,trail25_after_50,25,17,0.4117647058823529,312.54999999999967,18.38529411764704,-45.50000000000001,-0.20117686977491053,-0.5607940446650125,1.365448699210757,-507.5,6.0,8.294117647058824,0.0,2.243574622048274,-0.8646610925399099,0.0
MeanReversion60m,trail25_after_50,30,17,0.4117647058823529,544.2375000000002,32.0139705882353,-36.5,-0.14858555876727436,-0.583617747440273,1.855719339622642,-309.5,7.0,9.352941176470589,0.058823529411764705,2.053674877078664,-0.8758306201252342,0.0
RQ1_ML,breakeven_after_50,0,17,0.17647058823529413,1709.86625,100.58036764705882,-77.07749999999993,0.09334752459340641,-0.053971486761710756,1.4402181696240506,-2868.1837499999997,22.0,26.823529411764707,0.0,1.6002475964018907,-0.5674862822931944,0.0
RQ1_ML,breakeven_after_50,5,17,0.17647058823529413,1517.25,89.25,-87.525,0.09717610084236764,-0.0553424657534246,1.4840021691973968,-2413.8475000000008,16.0,25.0,0.0,1.8851857094303441,-0.5965448032421833,0.0
RQ1_ML,breakeven_after_50,10,17,0.11764705882352941,-802.8125000000001,-47.22426470588236,-73.87500000000003,-0.11214886803259805,-0.05730337078651686,0.6534092442189903,-2042.3000000000002,16.0,21.941176470588236,0.0,2.17147794998748,-0.6561506683896176,0.0
RQ1_ML,breakeven_after_50,15,17,0.058823529411764705,-1249.3849999999998,-73.49323529411764,-47.99999999999999,-0.19627948012292337,-0.06065573770491797,0.25715194558486465,-1681.8849999999998,10.0,16.823529411764707,0.0,2.43819680532654,-0.7201131752743566,0.0
RQ1_ML,breakeven_after_50,20,17,0.0,-1203.335,-70.78441176470588,-37.12499999999996,-0.2979262045579186,-0.06382978723404255,0.0,-1189.835,10.0,17.41176470588235,0.058823529411764705,2.6279105902029762,-0.8275841138439277,0.0
RQ1_ML,breakeven_after_50,25,17,0.0,-1169.1575000000003,-68.77397058823531,-60.49999999999999,-0.39076252673654804,-0.5504115226337448,0.0,-1156.1575000000003,10.0,13.882352941176471,0.058823529411764705,2.805715276683617,-0.8658659862610594,0.0
RQ1_ML,breakeven_after_50,30,17,0.0,-814.675,-47.92205882352941,-40.80000000000001,-0.3906968029332409,-0.5346779900920028,0.0,-801.6750000000001,11.0,16.41176470588235,0.058823529411764705,2.6582493405725343,-0.8705350982614297,0.0
RQ1_ML,hold_to_close,0,17,0.6470588235294118,9551.0,561.8235294117648,253.50000000000006,0.5348464936547819,0.3170731707317074,2.843199691224007,-2143.2000000000007,59.0,58.94117647058823,0.29411764705882354,1.6002475964018907,-0.5674862822931944,0.0
RQ1_ML,hold_to_close,5,17,0.5294117647058824,7485.900000000001,440.34705882352944,20.000000000000043,0.6019278378467822,0.03584229390681011,2.606623170365283,-2109.5,59.0,58.76470588235294,0.35294117647058826,1.8851857094303441,-0.5965448032421833,0.0
RQ1_ML,hold_to_close,10,17,0.47058823529411764,5721.200000000001,336.54117647058825,-138.0,0.5622873704495098,-0.2646229739252996,2.391004133236081,-1858.0,59.0,59.0,0.4117647058823529,2.17147794998748,-0.6561506683896176,0.0
RQ1_ML,hold_to_close,15,17,0.35294117647058826,3011.8999999999996,177.1705882352941,-151.5,0.3679781567347212,-0.6023094315245477,1.803119792013866,-1851.5,59.0,58.94117647058823,0.47058823529411764,2.43819680532654,-0.7201131752743566,0.0
RQ1_ML,hold_to_close,20,17,0.29411764705882354,1522.3000000000006,89.54705882352945,-193.0,0.15052301789288583,-1.0026881720430108,1.43863996542285,-1742.25,59.0,58.94117647058823,0.6470588235294118,2.6279105902029762,-0.8275841138439277,0.0
RQ1_ML,hold_to_close,25,17,0.17647058823529413,657.4499999999999,38.673529411764704,-173.00000000000003,-0.06928199108719456,-1.0080428954423593,1.2072895811328486,-1507.0,59.0,58.8235294117647,0.7647058823529411,2.805715276683617,-0.8658659862610594,0.0
RQ1_ML,hold_to_close,30,17,0.11764705882352941,-18.64999999999999,-1.0970588235294112,-123.00000000000001,-0.4161695506252301,-1.0114068441064639,0.9926654212958411,-1292.75,59.0,58.64705882352941,0.8235294117647058,2.6582493405725343,-0.8705350982614297,0.0
RQ1_ML,stop40_tp80,0,17,0.47058823529411764,2665.0769999999998,156.76923529411764,-215.205,0.10313630554428217,-0.4316474291710388,1.7383195473802533,-1705.1475000000005,10.0,10.882352941176471,0.0,1.6002475964018907,-0.5674862822931944,0.0
RQ1_ML,stop40_tp80,5,17,0.4117647058823529,1562.8565000000003,91.93273529411766,-210.68999999999997,0.03460105872382431,-0.43285922418503003,1.5332358772066454,-1946.6515,6.0,7.764705882352941,0.0,1.8851857094303441,-0.5965448032421833,0.0
RQ1_ML,stop40_tp80,10,17,0.4117647058823529,1352.039,79.53170588235294,-147.48000000000002,0.030475152502256832,-0.43380513814832766,1.636299460619988,-1393.4470000000001,6.0,6.647058823529412,0.0,2.17147794998748,-0.6561506683896176,0.0
RQ1_ML,stop40_tp80,15,17,0.4117647058823529,1177.5044999999998,69.26497058823529,-103.30000000000001,0.021846457954939884,-0.43519867549668884,1.773745010103001,-973.0750000000003,6.0,6.764705882352941,0.0,2.43819680532654,-0.7201131752743566,0.0
RQ1_ML,stop40_tp80,20,17,0.4117647058823529,1028.3319999999999,60.49011764705882,-73.0,0.004584954914076655,-0.4391785150078989,1.9279760320174706,-703.8500000000003,3.0,6.352941176470588,0.0,2.6279105902029762,-0.8275841138439277,0.0
RQ1_ML,stop40_tp80,25,17,0.4117647058823529,778.7620000000001,45.80952941176471,-51.0,-0.018451067917531077,-0.4510288065843622,1.9253955522283417,-530.4,2.0,4.647058823529412,0.058823529411764705,2.805715276683617,-0.8658659862610594,0.0
RQ1_ML,stop40_tp80,30,17,0.4117647058823529,647.7375000000001,38.10220588235295,-40.2,-0.05180154803737378,-0.47359050445103856,2.0038512055358177,-403.79999999999995,3.0,5.352941176470588,0.058823529411764705,2.6582493405725343,-0.8705350982614297,0.0
RQ1_ML,stop50_only,0,17,0.47058823529411764,8529.275,501.7220588235294,-262.08750000000003,0.48288175717384985,-0.5265477439664219,2.8894426999396345,-2007.843749999999,49.0,38.0,0.0,1.6002475964018907,-0.5674862822931944,0.0
RQ1_ML,stop50_only,5,17,0.35294117647058826,4805.5325,282.6783823529412,-333.75,0.28894199091520134,-0.5277673545966228,2.202279574707892,-1653.0275000000001,38.0,35.1764705882353,0.0,1.8851857094303441,-0.5965448032421833,0.0
RQ1_ML,stop50_only,10,17,0.29411764705882354,4118.1875,242.24632352941177,-229.0125,0.26426764346512205,-0.5292877906976744,2.283319245406492,-1407.4750000000004,37.0,33.588235294117645,0.0,2.17147794998748,-0.6561506683896176,0.0
RQ1_ML,stop50_only,15,17,0.17647058823529413,1941.1112500000004,114.18301470588237,-175.75,0.08554759745308585,-0.5330099703583939,1.66287114153033,-1408.6662499999998,23.0,28.941176470588236,0.0,2.43819680532654,-0.7201131752743566,0.0
RQ1_ML,stop50_only,20,17,0.17647058823529413,1813.7875000000008,106.69338235294123,-117.99999999999999,0.002631213432847367,-0.5473429951690822,1.8033561988916023,-1073.2625,17.0,29.470588235294116,0.058823529411764705,2.6279105902029762,-0.8275841138439277,0.0
RQ1_ML,stop50_only,25,17,0.11764705882352941,1572.1999999999998,92.48235294117646,-98.0,-0.027365175839747645,-0.5674931129476584,1.840568862275449,-864.075,14.0,25.058823529411764,0.058823529411764705,2.805715276683617,-0.8658659862610594,0.0
RQ1_ML,stop50_only,30,17,0.11764705882352941,1056.325,62.13676470588236,-73.0,-0.10159006630345313,-0.5968379446640316,1.7196777435233601,-716.2750000000001,16.0,27.58823529411765,0.058823529411764705,2.6582493405725343,-0.8705350982614297,0.0
RQ1_ML,stop50_tp100,0,17,0.5294117647058824,3025.7112500000003,177.98301470588237,123.50000000000006,0.1767521678519809,0.06284987277353693,1.758277298222696,-1546.1437500000002,17.0,21.764705882352942,0.0,1.6002475964018907,-0.5674862822931944,0.0
RQ1_ML,stop50_tp100,5,17,0.4117647058823529,1160.9049999999997,68.28852941176469,-256.57500000000005,0.07451596057255594,-0.5269130998702984,1.3222381982051998,-1175.1775000000002,11.0,17.647058823529413,0.0,1.8851857094303441,-0.5965448032421833,0.0
RQ1_ML,stop50_tp100,10,17,0.5294117647058824,3278.3875000000003,192.8463235294118,356.09999999999997,0.2188191413024321,0.8891385767790261,2.5970612771813597,-672.8499999999999,11.0,11.411764705882353,0.0,2.17147794998748,-0.6561506683896176,0.0
RQ1_ML,stop50_tp100,15,17,0.47058823529411764,1962.2175000000002,115.42455882352942,-47.99999999999999,0.12631754127144032,-0.5280040733197555,2.1489822357875323,-795.5875000000001,7.0,9.941176470588236,0.0,2.43819680532654,-0.7201131752743566,0.0
RQ1_ML,stop50_tp100,20,17,0.47058823529411764,1817.4175,106.90691176470588,-32.0,0.10844709689520914,-0.5289650537634408,2.544224825549903,-552.0,8.0,8.941176470588236,0.058823529411764705,2.6279105902029762,-0.8275841138439277,0.0
RQ1_ML,stop50_tp100,25,17,0.4117647058823529,1043.2425,61.36720588235295,-60.49999999999999,0.001550505569775762,-0.5504115226337448,2.026523006531124,-640.25,7.0,7.823529411764706,0.058823529411764705,2.805715276683617,-0.8658659862610594,0.0
RQ1_ML,stop50_tp100,30,17,0.47058823529411764,1121.525,65.97205882352942,-23.0,0.06021206256152564,-0.5346779900920028,2.669246511627907,-305.0,7.0,8.058823529411764,0.058823529411764705,2.6582493405725343,-0.8705350982614297,0.0
RQ1_ML,stop60_tp120,0,17,0.5294117647058824,3154.681500000001,185.56950000000006,123.50000000000006,0.17624645587812543,0.06284987277353693,1.670054909693817,-2414.474,21.0,26.352941176470587,0.0,1.6002475964018907,-0.5674862822931944,0.0
RQ1_ML,stop60_tp120,5,17,0.47058823529411764,2416.589500000001,142.15232352941183,-176.8,0.2024048685856825,-0.22044917257683222,1.6227546615319122,-1370.2569999999996,21.0,23.0,0.0,1.8851857094303441,-0.5965448032421833,0.0
RQ1_ML,stop60_tp120,10,17,0.4117647058823529,1074.5750000000007,63.2102941176471,-258.7,0.09473242370530444,-0.6222622950819672,1.3386183947236574,-1660.74,15.0,20.058823529411764,0.0,2.17147794998748,-0.6561506683896176,0.0
RQ1_ML,stop60_tp120,15,17,0.4117647058823529,399.1030000000009,23.476647058823584,-148.45,0.06265676184537347,-0.6228105906313645,1.144638276559643,-977.1639999999998,11.0,17.11764705882353,0.0,2.43819680532654,-0.7201131752743566,0.0
RQ1_ML,stop60_tp120,20,17,0.47058823529411764,800.8130000000008,47.106647058823576,-35.8,0.14671332906243983,-0.6220087336244542,1.4203058819824599,-803.1624999999999,11.0,16.764705882352942,0.058823529411764705,2.6279105902029762,-0.8275841138439277,0.0
RQ1_ML,stop60_tp120,25,17,0.47058823529411764,1724.8880000000008,101.46400000000006,-28.0,0.12264495460154452,-0.626710816777042,2.6680088966250843,-477.20000000000005,11.0,11.235294117647058,0.058823529411764705,2.805715276683617,-0.8658659862610594,0.0
RQ1_ML,stop60_tp120,30,17,0.4117647058823529,1124.4400000000005,66.14352941176473,-53.8,0.00010099838953762031,-0.6773162939297124,2.266475192881681,-458.0,10.0,11.823529411764707,0.058823529411764705,2.6582493405725343,-0.8705350982614297,0.0
RQ1_ML,time_exit_1530,0,17,0.6470588235294118,1479.9000000000012,87.05294117647065,112.29999999999995,0.08110430466579803,0.15468319559228644,1.3493873503789222,-1840.9999999999998,30.0,30.0,0.17647058823529413,1.6002475964018907,-0.5674862822931944,0.0
RQ1_ML,time_exit_1530,5,17,0.5882352941176471,1516.0499999999997,89.17941176470586,93.49999999999999,0.08922010078146558,0.19298245614035084,1.4480980108178405,-1627.7000000000003,30.0,30.0,0.23529411764705882,1.8851857094303441,-0.5965448032421833,0.0
RQ1_ML,time_exit_1530,10,17,0.5882352941176471,1249.6,73.50588235294117,43.849999999999966,0.07855966619383654,0.12895377128953783,1.4816899236758925,-1328.35,30.0,30.0,0.23529411764705882,2.17147794998748,-0.6561506683896176,0.0
RQ1_ML,time_exit_1530,15,17,0.5294117647058824,869.4499999999997,51.144117647058806,7.800000000000054,0.06322065432176005,0.032786885245901676,1.4452438868262705,-1059.7000000000003,30.0,30.0,0.23529411764705882,2.43819680532654,-0.7201131752743566,0.0
RQ1_ML,time_exit_1530,20,17,0.4117647058823529,522.8499999999997,30.755882352941157,-16.00000000000001,0.021451055741374233,-0.09917355371900834,1.34296490652673,-926.0,30.0,30.0,0.23529411764705882,2.6279105902029762,-0.8275841138439277,0.0
RQ1_ML,time_exit_1530,25,17,0.35294117647058826,242.79999999999987,14.282352941176462,-20.999999999999993,-0.027879526154272055,-0.21761658031088074,1.193365985744435,-827.95,30.0,30.0,0.35294117647058826,2.805715276683617,-0.8658659862610594,0.0
RQ1_ML,time_exit_1530,30,17,0.35294117647058826,-27.75000000000012,-1.6323529411764777,-25.999999999999986,-0.09801843391391712,-0.3741007194244602,0.972463408583478,-716.75,30.0,30.0,0.35294117647058826,2.6582493405725343,-0.8705350982614297,0.0
RQ1_ML,time_exit_1545,0,17,0.6470588235294118,8529.2,501.71764705882356,355.0,0.4593939110036008,0.19966921119592887,3.341707163056311,-1850.1999999999998,45.0,45.0,0.11764705882352941,1.6002475964018907,-0.5674862822931944,0.0
RQ1_ML,time_exit_1545,5,17,0.6470588235294118,7732.85,454.8735294117647,198.9000000000002,0.5376804255528534,0.1705488621151272,3.5985785335035967,-1578.8000000000002,45.0,45.0,0.23529411764705882,1.8851857094303441,-0.5965448032421833,0.0
RQ1_ML,time_exit_1545,10,17,0.5882352941176471,6531.650000000001,384.214705882353,104.24999999999997,0.5529801810448953,0.14408914728682176,3.8118515648542775,-1221.0,45.0,45.0,0.23529411764705882,2.17147794998748,-0.6561506683896176,0.0
RQ1_ML,time_exit_1545,15,17,0.47058823529411764,5106.3,300.3705882352941,-30.600000000000023,0.5600013871209669,-0.03694282945736436,3.8133884297520657,-883.0,45.0,45.0,0.29411764705882354,2.43819680532654,-0.7201131752743566,0.0
RQ1_ML,time_exit_1545,20,17,0.47058823529411764,3707.6500000000005,218.09705882352944,-41.0,0.4539615191158467,-0.10722950024260079,3.4864366428595384,-737.5,45.0,45.0,0.29411764705882354,2.6279105902029762,-0.8275841138439277,0.0
RQ1_ML,time_exit_1545,25,17,0.47058823529411764,2542.6499999999996,149.5676470588235,-28.0,0.38306407528978736,-0.20515463917525764,3.0701404437207405,-621.6500000000001,45.0,45.0,0.4117647058823529,2.805715276683617,-0.8658659862610594,0.0
RQ1_ML,time_exit_1545,30,17,0.47058823529411764,1623.75,95.51470588235294,-23.0,0.23977560150706587,-0.3247524752475247,2.5493797709923665,-496.0,45.0,45.0,0.4117647058823529,2.6582493405725343,-0.8705350982614297,0.0
RQ1_ML,tp100_only,0,17,0.7058823529411765,5173.4,304.3176470588235,658.5,0.29848598804405335,0.8940936863543788,2.2357339066045623,-1900.1999999999998,43.0,40.470588235294116,0.23529411764705882,1.6002475964018907,-0.5674862822931944,0.0
RQ1_ML,tp100_only,5,17,0.6470588235294118,3133.8549999999996,184.34441176470585,488.40000000000003,0.2710151517976796,0.892054794520548,1.8254807185754927,-1482.3000000000002,32.0,37.23529411764706,0.29411764705882354,1.8851857094303441,-0.5965448032421833,0.0
RQ1_ML,tp100_only,10,17,0.7058823529411765,3729.15,219.36176470588236,365.55,0.30993207340929496,0.8894160583941606,2.4649970536240424,-1045.5,31.0,30.823529411764707,0.29411764705882354,2.17147794998748,-0.6561506683896176,0.0
RQ1_ML,tp100_only,15,17,0.6470588235294118,2605.78,153.28117647058824,256.875,0.24777770874985539,0.8850129198966409,2.3058281132548233,-733.0,31.0,30.41176470588235,0.29411764705882354,2.43819680532654,-0.7201131752743566,0.0
RQ1_ML,tp100_only,20,17,0.6470588235294118,1991.0549999999998,117.12088235294117,186.0,0.21501167532881477,0.8794326241134752,2.2994322075379348,-559.5,31.0,30.529411764705884,0.35294117647058826,2.6279105902029762,-0.8275841138439277,0.0
RQ1_ML,tp100_only,25,17,0.6470588235294118,1487.3799999999999,87.49294117647058,114.00000000000001,0.20832039088503615,0.8669201520912548,2.303004818221638,-454.5,31.0,30.294117647058822,0.35294117647058826,2.805715276683617,-0.8658659862610594,0.0
RQ1_ML,tp100_only,30,17,0.5882352941176471,1029.65,60.56764705882353,71.99999999999999,0.08737867524438116,0.8323699421965316,2.103886357544894,-362.0,32.0,31.764705882352942,0.4117647058823529,2.6582493405725343,-0.8705350982614297,0.0
RQ1_ML,trail25_after_50,0,17,0.5882352941176471,1075.9312500000005,63.2900735294118,269.99999999999994,0.04256966894080754,0.2927834530191158,1.3091673176907952,-1395.80625,15.0,15.0,0.0,1.6002475964018907,-0.5674862822931944,0.0
RQ1_ML,trail25_after_50,5,17,0.5294117647058824,544.6399999999995,32.0376470588235,49.95000000000005,0.008852450903453806,0.06820975010241712,1.1915749781917437,-1357.2325000000005,11.0,12.117647058823529,0.0,1.8851857094303441,-0.5965448032421833,0.0
RQ1_ML,trail25_after_50,10,17,0.5294117647058824,205.6125000000001,12.094852941176477,56.62500000000004,-0.03779870822275621,0.10342465753424665,1.1001638036548311,-871.3124999999998,8.0,10.058823529411764,0.0,2.17147794998748,-0.6561506683896176,0.0
RQ1_ML,trail25_after_50,15,17,0.5294117647058824,191.81250000000017,11.283088235294128,44.21249999999988,-0.03653493998964381,0.1191390460792236,1.1322810616966805,-629.1124999999997,5.0,7.705882352941177,0.0,2.43819680532654,-0.7201131752743566,0.0
RQ1_ML,trail25_after_50,20,17,0.5294117647058824,581.7624999999999,34.22132352941176,21.374999999999993,-0.013788827644141927,0.07938718662952643,1.584223541669282,-383.16249999999997,5.0,6.647058823529412,0.058823529411764705,2.6279105902029762,-0.8275841138439277,0.0
RQ1_ML,trail25_after_50,25,17,0.4117647058823529,17.512499999999896,1.0301470588235233,-60.49999999999999,-0.1468707888222022,-0.5504115226337448,1.017231836463599,-640.25,5.0,6.352941176470588,0.058823529411764705,2.805715276683617,-0.8658659862610594,0.0
RQ1_ML,trail25_after_50,30,17,0.47058823529411764,391.1250000000001,23.007352941176478,-23.0,-0.04851438859833831,-0.5346779900920028,1.5821395348837208,-305.0,5.0,6.647058823529412,0.058823529411764705,2.6582493405725343,-0.8705350982614297,0.0
