session_date,ticker,http_status,bars_in_window,api_status
2024-12-20,O:SPX241220C05675000,200,0,OK
2024-12-20,O:SPX241220P05675000,200,0,OK
2025-01-02,O:SPXW250102C05845000,200,63,OK
2025-01-02,O:SPXW250102C05850000,200,65,OK
2025-01-02,O:SPXW250102C05855000,200,65,OK
2025-01-02,O:SPXW250102C05860000,200,65,OK
2025-01-02,O:SPXW250102C05865000,200,65,OK
2025-01-02,O:SPXW250102C05870000,200,66,OK
2025-01-02,O:SPXW250102C05875000,200,65,OK
2025-01-02,O:SPXW250102P05815000,200,58,OK
2025-01-02,O:SPXW250102P05820000,200,65,OK
2025-01-02,O:SPXW250102P05825000,200,64,OK
2025-01-02,O:SPXW250102P05830000,200,64,OK
2025-01-02,O:SPXW250102P05835000,200,65,OK
2025-01-02,O:SPXW250102P05840000,200,65,OK
2025-01-02,O:SPXW250102P05845000,200,65,OK
2025-01-14,O:SPXW250114C05825000,200,65,OK
2025-01-14,O:SPXW250114C05830000,200,65,OK
2025-01-14,O:SPXW250114C05835000,200,66,OK
2025-01-14,O:SPXW250114C05840000,200,65,OK
2025-01-14,O:SPXW250114C05845000,200,65,OK
2025-01-14,O:SPXW250114C05850000,200,65,OK
2025-01-14,O:SPXW250114C05855000,200,65,OK
2025-01-14,O:SPXW250114P05795000,200,63,OK
2025-01-14,O:SPXW250114P05800000,200,64,OK
2025-01-14,O:SPXW250114P05805000,200,65,OK
2025-01-14,O:SPXW250114P05810000,200,65,OK
2025-01-14,O:SPXW250114P05815000,200,64,OK
2025-01-14,O:SPXW250114P05820000,200,65,OK
2025-01-14,O:SPXW250114P05825000,200,66,OK
2025-04-02,O:SPXW250402C05635000,200,63,OK
2025-04-02,O:SPXW250402C05640000,200,65,OK
2025-04-02,O:SPXW250402C05645000,200,65,OK
2025-04-02,O:SPXW250402C05650000,200,65,OK
2025-04-02,O:SPXW250402C05655000,200,65,OK
2025-04-02,O:SPXW250402C05660000,200,65,OK
2025-04-02,O:SPXW250402C05665000,200,65,OK
2025-04-02,O:SPXW250402P05605000,200,58,OK
2025-04-02,O:SPXW250402P05610000,200,62,OK
2025-04-02,O:SPXW250402P05615000,200,60,OK
2025-04-02,O:SPXW250402P05620000,200,62,OK
2025-04-02,O:SPXW250402P05625000,200,63,OK
2025-04-02,O:SPXW250402P05630000,200,64,OK
2025-04-02,O:SPXW250402P05635000,200,62,OK
2025-04-11,O:SPXW250411C05340000,200,65,OK
2025-04-11,O:SPXW250411C05345000,200,65,OK
2025-04-11,O:SPXW250411C05350000,200,66,OK
2025-04-11,O:SPXW250411C05355000,200,66,OK
2025-04-11,O:SPXW250411C05360000,200,66,OK
2025-04-11,O:SPXW250411C05365000,200,66,OK
2025-04-11,O:SPXW250411C05370000,200,65,OK
2025-04-11,O:SPXW250411P05310000,200,64,OK
2025-04-11,O:SPXW250411P05315000,200,64,OK
2025-04-11,O:SPXW250411P05320000,200,65,OK
2025-04-11,O:SPXW250411P05325000,200,65,OK
2025-04-11,O:SPXW250411P05330000,200,65,OK
2025-04-11,O:SPXW250411P05335000,200,65,OK
2025-04-11,O:SPXW250411P05340000,200,65,OK
2025-04-14,O:SPXW250414C05425000,200,65,OK
2025-04-14,O:SPXW250414C05430000,200,65,OK
2025-04-14,O:SPXW250414C05435000,200,64,OK
2025-04-14,O:SPXW250414C05440000,200,65,OK
2025-04-14,O:SPXW250414C05445000,200,64,OK
2025-04-14,O:SPXW250414C05450000,200,65,OK
2025-04-14,O:SPXW250414C05455000,200,63,OK
2025-04-14,O:SPXW250414P05395000,200,65,OK
2025-04-14,O:SPXW250414P05400000,200,66,OK
2025-04-14,O:SPXW250414P05405000,200,65,OK
2025-04-14,O:SPXW250414P05410000,200,65,OK
2025-04-14,O:SPXW250414P05415000,200,65,OK
2025-04-14,O:SPXW250414P05420000,200,65,OK
2025-04-14,O:SPXW250414P05425000,200,65,OK
2025-04-17,O:SPX250417C05270000,200,0,OK
2025-04-17,O:SPX250417P05270000,200,0,OK
2025-05-07,O:SPXW250507C05625000,200,65,OK
2025-05-07,O:SPXW250507C05630000,200,65,OK
2025-05-07,O:SPXW250507C05635000,200,65,OK
2025-05-07,O:SPXW250507C05640000,200,64,OK
2025-05-07,O:SPXW250507C05645000,200,64,OK
2025-05-07,O:SPXW250507C05650000,200,64,OK
2025-05-07,O:SPXW250507C05655000,200,64,OK
2025-05-07,O:SPXW250507P05595000,200,64,OK
2025-05-07,O:SPXW250507P05600000,200,64,OK
2025-05-07,O:SPXW250507P05605000,200,64,OK
2025-05-07,O:SPXW250507P05610000,200,64,OK
2025-05-07,O:SPXW250507P05615000,200,64,OK
2025-05-07,O:SPXW250507P05620000,200,64,OK
2025-05-07,O:SPXW250507P05625000,200,65,OK
2025-11-06,O:SPXW251106C06750000,200,65,OK
2025-11-06,O:SPXW251106C06755000,200,65,OK
2025-11-06,O:SPXW251106C06760000,200,65,OK
2025-11-06,O:SPXW251106C06765000,200,64,OK
2025-11-06,O:SPXW251106C06770000,200,64,OK
2025-11-06,O:SPXW251106C06775000,200,64,OK
2025-11-06,O:SPXW251106C06780000,200,63,OK
2025-11-06,O:SPXW251106P06720000,200,65,OK
2025-11-06,O:SPXW251106P06725000,200,66,OK
2025-11-06,O:SPXW251106P06730000,200,66,OK
2025-11-06,O:SPXW251106P06735000,200,65,OK
2025-11-06,O:SPXW251106P06740000,200,65,OK
2025-11-06,O:SPXW251106P06745000,200,65,OK
2025-11-06,O:SPXW251106P06750000,200,65,OK
2025-11-20,O:SPXW251120C06595000,200,65,OK
2025-11-20,O:SPXW251120C06600000,200,65,OK
2025-11-20,O:SPXW251120C06605000,200,61,OK
2025-11-20,O:SPXW251120C06610000,200,61,OK
2025-11-20,O:SPXW251120C06615000,200,62,OK
2025-11-20,O:SPXW251120C06620000,200,63,OK
2025-11-20,O:SPXW251120C06625000,200,61,OK
2025-11-20,O:SPXW251120P06565000,200,65,OK
2025-11-20,O:SPXW251120P06570000,200,65,OK
2025-11-20,O:SPXW251120P06575000,200,65,OK
2025-11-20,O:SPXW251120P06580000,200,65,OK
2025-11-20,O:SPXW251120P06585000,200,64,OK
2025-11-20,O:SPXW251120P06590000,200,65,OK
2025-11-20,O:SPXW251120P06595000,200,64,OK
2026-02-04,O:SPXW260204C06905000,200,65,OK
2026-02-04,O:SPXW260204C06910000,200,65,OK
2026-02-04,O:SPXW260204C06915000,200,65,OK
2026-02-04,O:SPXW260204C06920000,200,65,OK
2026-02-04,O:SPXW260204C06925000,200,65,OK
2026-02-04,O:SPXW260204C06930000,200,62,OK
2026-02-04,O:SPXW260204C06935000,200,63,OK
2026-02-04,O:SPXW260204P06875000,200,65,OK
2026-02-04,O:SPXW260204P06880000,200,65,OK
2026-02-04,O:SPXW260204P06885000,200,65,OK
2026-02-04,O:SPXW260204P06890000,200,65,OK
2026-02-04,O:SPXW260204P06895000,200,65,OK
2026-02-04,O:SPXW260204P06900000,200,65,OK
2026-02-04,O:SPXW260204P06905000,200,65,OK
2026-02-05,O:SPXW260205C06810000,200,65,OK
2026-02-05,O:SPXW260205C06815000,200,65,OK
2026-02-05,O:SPXW260205C06820000,200,65,OK
2026-02-05,O:SPXW260205C06825000,200,65,OK
2026-02-05,O:SPXW260205C06830000,200,64,OK
2026-02-05,O:SPXW260205C06835000,200,64,OK
2026-02-05,O:SPXW260205C06840000,200,63,OK
2026-02-05,O:SPXW260205P06780000,200,65,OK
2026-02-05,O:SPXW260205P06785000,200,65,OK
2026-02-05,O:SPXW260205P06790000,200,66,OK
2026-02-05,O:SPXW260205P06795000,200,66,OK
2026-02-05,O:SPXW260205P06800000,200,66,OK
2026-02-05,O:SPXW260205P06805000,200,65,OK
2026-02-05,O:SPXW260205P06810000,200,65,OK
2026-02-11,O:SPXW260211C06950000,200,65,OK
2026-02-11,O:SPXW260211C06955000,200,65,OK
2026-02-11,O:SPXW260211C06960000,200,65,OK
2026-02-11,O:SPXW260211C06965000,200,65,OK
2026-02-11,O:SPXW260211C06970000,200,64,OK
2026-02-11,O:SPXW260211C06975000,200,63,OK
2026-02-11,O:SPXW260211C06980000,200,61,OK
2026-02-11,O:SPXW260211P06920000,200,63,OK
2026-02-11,O:SPXW260211P06925000,200,65,OK
2026-02-11,O:SPXW260211P06930000,200,66,OK
2026-02-11,O:SPXW260211P06935000,200,66,OK
2026-02-11,O:SPXW260211P06940000,200,66,OK
2026-02-11,O:SPXW260211P06945000,200,66,OK
2026-02-11,O:SPXW260211P06950000,200,66,OK
2026-02-17,O:SPXW260217C06855000,200,65,OK
2026-02-17,O:SPXW260217C06860000,200,65,OK
2026-02-17,O:SPXW260217C06865000,200,65,OK
2026-02-17,O:SPXW260217C06870000,200,65,OK
2026-02-17,O:SPXW260217C06875000,200,62,OK
2026-02-17,O:SPXW260217C06880000,200,64,OK
2026-02-17,O:SPXW260217C06885000,200,60,OK
2026-02-17,O:SPXW260217P06825000,200,65,OK
2026-02-17,O:SPXW260217P06830000,200,66,OK
2026-02-17,O:SPXW260217P06835000,200,65,OK
2026-02-17,O:SPXW260217P06840000,200,66,OK
2026-02-17,O:SPXW260217P06845000,200,66,OK
2026-02-17,O:SPXW260217P06850000,200,65,OK
2026-02-17,O:SPXW260217P06855000,200,65,OK
2026-03-03,O:SPXW260303C06825000,200,65,OK
2026-03-03,O:SPXW260303C06830000,200,65,OK
2026-03-03,O:SPXW260303C06835000,200,65,OK
2026-03-03,O:SPXW260303C06840000,200,65,OK
2026-03-03,O:SPXW260303C06845000,200,65,OK
2026-03-03,O:SPXW260303C06850000,200,64,OK
2026-03-03,O:SPXW260303C06855000,200,65,OK
2026-03-03,O:SPXW260303P06795000,200,65,OK
2026-03-03,O:SPXW260303P06800000,200,65,OK
2026-03-03,O:SPXW260303P06805000,200,65,OK
2026-03-03,O:SPXW260303P06810000,200,66,OK
2026-03-03,O:SPXW260303P06815000,200,66,OK
2026-03-03,O:SPXW260303P06820000,200,66,OK
2026-03-03,O:SPXW260303P06825000,200,65,OK
2026-03-05,O:SPXW260305C06785000,200,65,OK
2026-03-05,O:SPXW260305C06790000,200,64,OK
2026-03-05,O:SPXW260305C06795000,200,65,OK
2026-03-05,O:SPXW260305C06800000,200,65,OK
2026-03-05,O:SPXW260305C06805000,200,65,OK
2026-03-05,O:SPXW260305C06810000,200,65,OK
2026-03-05,O:SPXW260305C06815000,200,65,OK
2026-03-05,O:SPXW260305P06755000,200,62,OK
2026-03-05,O:SPXW260305P06760000,200,61,OK
2026-03-05,O:SPXW260305P06765000,200,62,OK
2026-03-05,O:SPXW260305P06770000,200,64,OK
2026-03-05,O:SPXW260305P06775000,200,64,OK
2026-03-05,O:SPXW260305P06780000,200,65,OK
2026-03-05,O:SPXW260305P06785000,200,64,OK
2026-03-06,O:SPXW260306C06765000,200,65,OK
2026-03-06,O:SPXW260306C06770000,200,65,OK
2026-03-06,O:SPXW260306C06775000,200,65,OK
2026-03-06,O:SPXW260306C06780000,200,64,OK
2026-03-06,O:SPXW260306C06785000,200,61,OK
2026-03-06,O:SPXW260306C06790000,200,62,OK
2026-03-06,O:SPXW260306C06795000,200,64,OK
2026-03-06,O:SPXW260306P06735000,200,66,OK
2026-03-06,O:SPXW260306P06740000,200,66,OK
2026-03-06,O:SPXW260306P06745000,200,66,OK
2026-03-06,O:SPXW260306P06750000,200,65,OK
2026-03-06,O:SPXW260306P06755000,200,66,OK
2026-03-06,O:SPXW260306P06760000,200,66,OK
2026-03-06,O:SPXW260306P06765000,200,66,OK
2026-03-09,O:SPXW260309C06715000,200,61,OK
2026-03-09,O:SPXW260309C06720000,200,60,OK
2026-03-09,O:SPXW260309C06725000,200,61,OK
2026-03-09,O:SPXW260309C06730000,200,61,OK
2026-03-09,O:SPXW260309C06735000,200,60,OK
2026-03-09,O:SPXW260309C06740000,200,60,OK
2026-03-09,O:SPXW260309C06745000,200,61,OK
2026-03-09,O:SPXW260309P06685000,200,57,OK
2026-03-09,O:SPXW260309P06690000,200,54,OK
2026-03-09,O:SPXW260309P06695000,200,58,OK
2026-03-09,O:SPXW260309P06700000,200,57,OK
2026-03-09,O:SPXW260309P06705000,200,55,OK
2026-03-09,O:SPXW260309P06710000,200,56,OK
2026-03-09,O:SPXW260309P06715000,200,60,OK
2026-03-13,O:SPXW260313C06650000,200,65,OK
2026-03-13,O:SPXW260313C06655000,200,65,OK
2026-03-13,O:SPXW260313C06660000,200,64,OK
2026-03-13,O:SPXW260313C06665000,200,65,OK
2026-03-13,O:SPXW260313C06670000,200,65,OK
2026-03-13,O:SPXW260313C06675000,200,64,OK
2026-03-13,O:SPXW260313C06680000,200,63,OK
2026-03-13,O:SPXW260313P06620000,200,66,OK
2026-03-13,O:SPXW260313P06625000,200,66,OK
2026-03-13,O:SPXW260313P06630000,200,66,OK
2026-03-13,O:SPXW260313P06635000,200,66,OK
2026-03-13,O:SPXW260313P06640000,200,65,OK
2026-03-13,O:SPXW260313P06645000,200,65,OK
2026-03-13,O:SPXW260313P06650000,200,65,OK
2026-03-20,O:SPX260320C06505000,200,0,OK
2026-03-20,O:SPX260320C06510000,200,0,OK
2026-03-20,O:SPX260320C06515000,200,0,OK
2026-03-20,O:SPX260320C06520000,200,0,OK
2026-03-20,O:SPX260320C06525000,200,0,OK
2026-03-20,O:SPX260320C06530000,200,0,OK
2026-03-20,O:SPX260320C06535000,200,0,OK
2026-03-20,O:SPX260320P06475000,200,0,OK
2026-03-20,O:SPX260320P06480000,200,0,OK
2026-03-20,O:SPX260320P06485000,200,0,OK
2026-03-20,O:SPX260320P06490000,200,0,OK
2026-03-20,O:SPX260320P06495000,200,0,OK
2026-03-20,O:SPX260320P06500000,200,0,OK
2026-03-20,O:SPX260320P06505000,200,0,OK
