task,dataset_variant,feature_set,model,mae_bps,rmse_bps,r2,spearman,outer_fold,outer_train_start,outer_train_end,outer_test_start,outer_test_end,inner_best_search_score,best_parameters
RQ2 Magnitude,Strict,Full,Ridge Regression,23.45489867311849,34.41248817085035,0.06586413252914414,0.360294684277854,1,2024-07-18,2024-12-13,2024-12-17,2025-05-07,-8.215388161244576,"{""model__alpha"": 9.920676282679887}"
RQ2 Magnitude,Strict,Full,Ridge Regression,14.6487327294451,18.845912389730135,-0.9037359983302913,0.3234899742613628,2,2024-07-18,2025-05-07,2025-05-08,2025-10-17,-16.133998705224908,"{""model__alpha"": 195.40950604964772}"
RQ2 Magnitude,Strict,Full,Ridge Regression,13.02151303607175,18.564457866773576,0.10327657598807838,0.3187275557542037,3,2024-07-18,2025-10-17,2025-10-21,2026-03-20,-15.310950483704426,"{""model__alpha"": 345.85752888640803}"
RQ2 Magnitude,Strict,Full,Elastic Net,21.965344010452096,32.724995761749256,0.1552326980224885,0.3926298105821247,1,2024-07-18,2024-12-13,2024-12-17,2025-05-07,-8.072526424780923,"{""model__alpha"": 0.4771285535887599, ""model__l1_ratio"": 0.4450614124896827}"
RQ2 Magnitude,Strict,Full,Elastic Net,15.352707381513994,19.23738636028341,-0.9836476002822374,0.29565525638456913,2,2024-07-18,2025-05-07,2025-05-08,2025-10-17,-15.771383872232883,"{""model__alpha"": 2.588558055379328, ""model__l1_ratio"": 0.7260578185665586}"
RQ2 Magnitude,Strict,Full,Elastic Net,13.181485865319479,18.56470490314176,0.10325271051638807,0.33287610005702567,3,2024-07-18,2025-10-17,2025-10-21,2026-03-20,-15.193667558990674,"{""model__alpha"": 4.12807610323699, ""model__l1_ratio"": 0.22489608200945788}"
RQ2 Magnitude,Strict,Full,Extra Trees,19.593786378548927,33.6702864620836,0.1057241141400096,0.4693525268560331,1,2024-07-18,2024-12-13,2024-12-17,2025-05-07,-9.347539625195962,"{""model__bootstrap"": true, ""model__max_depth"": 5, ""model__max_features"": 0.8, ""model__min_samples_leaf"": 4, ""model__min_samples_split"": 5, ""model__n_estimators"": 332}"
RQ2 Magnitude,Strict,Full,Extra Trees,13.538083063280942,17.82691884964404,-0.7034326278275864,0.3395804756253564,2,2024-07-18,2025-05-07,2025-05-08,2025-10-17,-15.642811159102868,"{""model__bootstrap"": false, ""model__max_depth"": 3, ""model__max_features"": 0.8, ""model__min_samples_leaf"": 4, ""model__min_samples_split"": 10, ""model__n_estimators"": 677}"
RQ2 Magnitude,Strict,Full,Extra Trees,13.062874939553863,17.858326469817992,0.17019606815733368,0.40815005471386956,3,2024-07-18,2025-10-17,2025-10-21,2026-03-20,-14.426264225976396,"{""model__bootstrap"": false, ""model__max_depth"": 12, ""model__max_features"": 0.8, ""model__min_samples_leaf"": 6, ""model__min_samples_split"": 11, ""model__n_estimators"": 693}"
RQ2 Magnitude,Strict,Full,Histogram Gradient Boosting,21.969811129197474,38.252145916433406,-0.15422241765492473,0.4226376708845152,1,2024-07-18,2024-12-13,2024-12-17,2025-05-07,-9.195907799106896,"{""model__l2_regularization"": 0.5063217327633982, ""model__learning_rate"": 0.022830227226309528, ""model__loss"": ""absolute_error"", ""model__max_bins"": 255, ""model__max_iter"": 392, ""model__max_leaf_nodes"": 26, ""model__min_samples_leaf"": 22}"
RQ2 Magnitude,Strict,Full,Histogram Gradient Boosting,10.184023713299604,14.20324463552365,-0.08130328209953808,0.3304717722670037,2,2024-07-18,2025-05-07,2025-05-08,2025-10-17,-16.250566276093647,"{""model__l2_regularization"": 0.0066388839654147715, ""model__learning_rate"": 0.11723634851710618, ""model__loss"": ""absolute_error"", ""model__max_bins"": 64, ""model__max_iter"": 125, ""model__max_leaf_nodes"": 26, ""model__min_samples_leaf"": 8}"
RQ2 Magnitude,Strict,Full,Histogram Gradient Boosting,13.50203783868944,18.660132009418703,0.09401001746562843,0.3743045173620208,3,2024-07-18,2025-10-17,2025-10-21,2026-03-20,-14.209935087009375,"{""model__l2_regularization"": 3.3421335384409705, ""model__learning_rate"": 0.02056761919642222, ""model__loss"": ""absolute_error"", ""model__max_bins"": 32, ""model__max_iter"": 370, ""model__max_leaf_nodes"": 15, ""model__min_samples_leaf"": 12}"
RQ2 Magnitude,Strict,Full,RBF SVR,20.815039697882973,36.57139759750696,-0.055020776993671694,0.46241696592327725,1,2024-07-18,2024-12-13,2024-12-17,2025-05-07,-9.268719699143661,"{""model__C"": 38.76094171803448, ""model__epsilon"": 0.22688483841007323, ""model__gamma"": 0.0011200032693099203}"
RQ2 Magnitude,Strict,Full,RBF SVR,10.606332863544804,14.16858105467032,-0.07603179565473006,0.3417536180509532,2,2024-07-18,2025-05-07,2025-05-08,2025-10-17,-16.455413793207075,"{""model__C"": 16.598498453342284, ""model__epsilon"": 0.33949926769495553, ""model__gamma"": 0.01155978355611923}"
RQ2 Magnitude,Strict,Full,RBF SVR,12.983089497843036,18.096538787595684,0.14791090323438139,0.3400274339965785,3,2024-07-18,2025-10-17,2025-10-21,2026-03-20,-14.30382616419306,"{""model__C"": 6.690921558581586, ""model__epsilon"": 0.08763337482261196, ""model__gamma"": 0.025352249141085578}"
RQ2 Magnitude,Strict,Reduced,Ridge Regression,21.8529002317626,33.525747480675946,0.11338548575232488,0.4064855200900081,1,2024-07-18,2024-12-13,2024-12-17,2025-05-07,-8.979596474979404,"{""model__alpha"": 9.920676282679887}"
RQ2 Magnitude,Strict,Reduced,Ridge Regression,14.433291710655793,18.406557956444452,-0.8160071401014135,0.2957785552455959,2,2024-07-18,2025-05-07,2025-05-08,2025-10-17,-16.09654152593121,"{""model__alpha"": 149.98437449266726}"
RQ2 Magnitude,Strict,Reduced,Ridge Regression,13.258896202799594,18.611706335182465,0.09870625939940347,0.3152135382149407,3,2024-07-18,2025-10-17,2025-10-21,2026-03-20,-15.174516997832242,"{""model__alpha"": 345.85752888640803}"
RQ2 Magnitude,Strict,Reduced,Elastic Net,21.683826701942905,33.24789583206474,0.128020594316972,0.41177195875653094,1,2024-07-18,2024-12-13,2024-12-17,2025-05-07,-8.722774733437335,"{""model__alpha"": 0.21401837661112427, ""model__l1_ratio"": 0.5411622122834038}"
RQ2 Magnitude,Strict,Reduced,Elastic Net,14.788952194012067,18.316329613105072,-0.7982467625838916,0.28995268406208097,2,2024-07-18,2025-05-07,2025-05-08,2025-10-17,-15.82276098682361,"{""model__alpha"": 2.588558055379328, ""model__l1_ratio"": 0.7260578185665586}"
RQ2 Magnitude,Strict,Reduced,Elastic Net,13.257159604784036,18.62876333846254,0.09705349155519649,0.3225960575189186,3,2024-07-18,2025-10-17,2025-10-21,2026-03-20,-15.046990883887924,"{""model__alpha"": 1.9025906512182598, ""model__l1_ratio"": 0.06693827118834939}"
RQ2 Magnitude,Strict,Reduced,Extra Trees,19.504124505335238,33.844112779611685,0.09646669697012356,0.48906493226268827,1,2024-07-18,2024-12-13,2024-12-17,2025-05-07,-9.229566973432362,"{""model__bootstrap"": true, ""model__max_depth"": 5, ""model__max_features"": 0.8, ""model__min_samples_leaf"": 4, ""model__min_samples_split"": 5, ""model__n_estimators"": 332}"
RQ2 Magnitude,Strict,Reduced,Extra Trees,11.616154560558938,14.795826848394999,-0.17341292326948055,0.3508777337669343,2,2024-07-18,2025-05-07,2025-05-08,2025-10-17,-15.694500996651463,"{""model__bootstrap"": true, ""model__max_depth"": 5, ""model__max_features"": ""sqrt"", ""model__min_samples_leaf"": 2, ""model__min_samples_split"": 6, ""model__n_estimators"": 426}"
RQ2 Magnitude,Strict,Reduced,Extra Trees,12.902449703836135,17.747868924378682,0.18042934989605575,0.42501117395928056,3,2024-07-18,2025-10-17,2025-10-21,2026-03-20,-14.231094117812964,"{""model__bootstrap"": false, ""model__max_depth"": 12, ""model__max_features"": 0.8, ""model__min_samples_leaf"": 6, ""model__min_samples_split"": 11, ""model__n_estimators"": 693}"
RQ2 Magnitude,Strict,Reduced,Histogram Gradient Boosting,22.751517746765945,39.65948204654782,-0.24071483074845434,0.4127222774150147,1,2024-07-18,2024-12-13,2024-12-17,2025-05-07,-9.286389494033106,"{""model__l2_regularization"": 0.018380008967802085, ""model__learning_rate"": 0.014779769110586543, ""model__loss"": ""absolute_error"", ""model__max_bins"": 32, ""model__max_iter"": 207, ""model__max_leaf_nodes"": 27, ""model__min_samples_leaf"": 27}"
RQ2 Magnitude,Strict,Reduced,Histogram Gradient Boosting,9.809536919421012,13.991096637749962,-0.0492425617437211,0.3810243052879799,2,2024-07-18,2025-05-07,2025-05-08,2025-10-17,-16.25033558661355,"{""model__l2_regularization"": 5.96019394075478, ""model__learning_rate"": 0.01758541500772671, ""model__loss"": ""absolute_error"", ""model__max_bins"": 128, ""model__max_iter"": 258, ""model__max_leaf_nodes"": 19, ""model__min_samples_leaf"": 11}"
RQ2 Magnitude,Strict,Reduced,Histogram Gradient Boosting,12.781470504072969,18.473804270879384,0.1120129176242074,0.3880369280088775,3,2024-07-18,2025-10-17,2025-10-21,2026-03-20,-14.347790838194888,"{""model__l2_regularization"": 0.1080341999514653, ""model__learning_rate"": 0.011564545751952648, ""model__loss"": ""absolute_error"", ""model__max_bins"": 64, ""model__max_iter"": 157, ""model__max_leaf_nodes"": 27, ""model__min_samples_leaf"": 16}"
RQ2 Magnitude,Strict,Reduced,RBF SVR,20.763323224917816,36.31833255954814,-0.040470328176859915,0.46548402509131814,1,2024-07-18,2024-12-13,2024-12-17,2025-05-07,-9.117548588507754,"{""model__C"": 38.76094171803448, ""model__epsilon"": 0.22688483841007323, ""model__gamma"": 0.0011200032693099203}"
RQ2 Magnitude,Strict,Reduced,RBF SVR,10.416006191998136,14.295246724975419,-0.09535702315653416,0.28855015951790147,2,2024-07-18,2025-05-07,2025-05-08,2025-10-17,-16.415594124126148,"{""model__C"": 16.598498453342284, ""model__epsilon"": 0.33949926769495553, ""model__gamma"": 0.01155978355611923}"
RQ2 Magnitude,Strict,Reduced,RBF SVR,12.63389175139822,18.07616037062634,0.14982888879288014,0.3588613350184177,3,2024-07-18,2025-10-17,2025-10-21,2026-03-20,-14.357584255674391,"{""model__C"": 6.690921558581586, ""model__epsilon"": 0.08763337482261196, ""model__gamma"": 0.025352249141085578}"
RQ2 Magnitude,Relaxed,Full,Ridge Regression,21.5110755864063,31.733568013039847,0.16071959178486572,0.3940827023878858,1,2024-07-18,2024-12-13,2024-12-16,2025-05-14,-7.998289332658737,"{""model__alpha"": 25.263282453298586}"
RQ2 Magnitude,Relaxed,Full,Ridge Regression,12.91102667093485,16.073970288528248,-0.7102684994134114,0.3857658707047175,2,2024-07-18,2025-05-14,2025-05-15,2025-10-16,-15.62900923477198,"{""model__alpha"": 457.1980005349639}"
RQ2 Magnitude,Relaxed,Full,Ridge Regression,12.3903138145945,17.812197441276936,0.13833587153735916,0.38253931275480485,3,2024-07-18,2025-10-16,2025-10-17,2026-03-20,-14.245431334516617,"{""model__alpha"": 345.85752888640803}"
RQ2 Magnitude,Relaxed,Full,Elastic Net,20.98673725842466,31.332279410854508,0.1818117167050637,0.4044379732090856,1,2024-07-18,2024-12-13,2024-12-16,2025-05-14,-7.967753101084096,"{""model__alpha"": 0.4771285535887599, ""model__l1_ratio"": 0.4450614124896827}"
RQ2 Magnitude,Relaxed,Full,Elastic Net,12.834802519392934,15.770246208393509,-0.6462467160406833,0.3890739662201514,2,2024-07-18,2025-05-14,2025-05-15,2025-10-16,-15.383093613489224,"{""model__alpha"": 3.0602678030994337, ""model__l1_ratio"": 0.16423464552408473}"
RQ2 Magnitude,Relaxed,Full,Elastic Net,12.650410424839832,17.907539713789195,0.12908682922652426,0.3924985439720442,3,2024-07-18,2025-10-16,2025-10-17,2026-03-20,-14.253883457319438,"{""model__alpha"": 4.12807610323699, ""model__l1_ratio"": 0.22489608200945788}"
RQ2 Magnitude,Relaxed,Full,Extra Trees,18.98107656159686,32.60724936043204,0.11386966548010335,0.4779965055329062,1,2024-07-18,2024-12-13,2024-12-16,2025-05-14,-8.878039789067211,"{""model__bootstrap"": true, ""model__max_depth"": 5, ""model__max_features"": 0.8, ""model__min_samples_leaf"": 4, ""model__min_samples_split"": 5, ""model__n_estimators"": 332}"
RQ2 Magnitude,Relaxed,Full,Extra Trees,11.503037971248572,14.438660880073373,-0.37997686881808446,0.3765171811298777,2,2024-07-18,2025-05-14,2025-05-15,2025-10-16,-15.283387308453207,"{""model__bootstrap"": false, ""model__max_depth"": 12, ""model__max_features"": ""sqrt"", ""model__min_samples_leaf"": 4, ""model__min_samples_split"": 3, ""model__n_estimators"": 609}"
RQ2 Magnitude,Relaxed,Full,Extra Trees,12.434081184887644,17.221923712023955,0.1944985349041718,0.4489458357600466,3,2024-07-18,2025-10-16,2025-10-17,2026-03-20,-13.367063023204091,"{""model__bootstrap"": false, ""model__max_depth"": 12, ""model__max_features"": 0.8, ""model__min_samples_leaf"": 6, ""model__min_samples_split"": 11, ""model__n_estimators"": 693}"
RQ2 Magnitude,Relaxed,Full,Histogram Gradient Boosting,21.517798541127803,37.55561602979699,-0.17549031356901557,0.3969795980241937,1,2024-07-18,2024-12-13,2024-12-16,2025-05-14,-8.792296953983309,"{""model__l2_regularization"": 0.04010079066211668, ""model__learning_rate"": 0.054372029379012025, ""model__loss"": ""absolute_error"", ""model__max_bins"": 255, ""model__max_iter"": 387, ""model__max_leaf_nodes"": 22, ""model__min_samples_leaf"": 27}"
RQ2 Magnitude,Relaxed,Full,Histogram Gradient Boosting,9.467044115088754,13.09366697337063,-0.1348554715465604,0.3607804309842749,2,2024-07-18,2025-05-14,2025-05-15,2025-10-16,-15.623015110517303,"{""model__l2_regularization"": 0.0028801565288714, ""model__learning_rate"": 0.04305499596820688, ""model__loss"": ""absolute_error"", ""model__max_bins"": 255, ""model__max_iter"": 229, ""model__max_leaf_nodes"": 23, ""model__min_samples_leaf"": 8}"
RQ2 Magnitude,Relaxed,Full,Histogram Gradient Boosting,12.90444931992966,18.31429245191865,0.08907357148741002,0.40630168899242863,3,2024-07-18,2025-10-16,2025-10-17,2026-03-20,-13.48036871859985,"{""model__l2_regularization"": 17.937759028671657, ""model__learning_rate"": 0.051876918809428636, ""model__loss"": ""absolute_error"", ""model__max_bins"": 255, ""model__max_iter"": 313, ""model__max_leaf_nodes"": 8, ""model__min_samples_leaf"": 12}"
RQ2 Magnitude,Relaxed,Full,RBF SVR,20.90043499091506,36.83502244762546,-0.1308139362223324,0.4033313919627256,1,2024-07-18,2024-12-13,2024-12-16,2025-05-14,-8.684745709031544,"{""model__C"": 6.589651263273643, ""model__epsilon"": 1.1028414922076153, ""model__gamma"": 0.014458986649589233}"
RQ2 Magnitude,Relaxed,Full,RBF SVR,10.343661317481896,12.954763326385358,-0.11090504897916653,0.3135818287711124,2,2024-07-18,2025-05-14,2025-05-15,2025-10-16,-15.575847929676451,"{""model__C"": 6.92774627198084, ""model__epsilon"": 6.547643889804258, ""model__gamma"": 0.0067063225215510175}"
RQ2 Magnitude,Relaxed,Full,RBF SVR,12.424236268482023,17.483409210279014,0.16985251268710388,0.3745369831100757,3,2024-07-18,2025-10-16,2025-10-17,2026-03-20,-13.502287520689634,"{""model__C"": 6.690921558581586, ""model__epsilon"": 0.08763337482261196, ""model__gamma"": 0.025352249141085578}"
RQ2 Magnitude,Relaxed,Reduced,Ridge Regression,20.481255924578715,30.943696503787496,0.20198021252371157,0.43510774606872454,1,2024-07-18,2024-12-13,2024-12-16,2025-05-14,-8.450327500429136,"{""model__alpha"": 25.263282453298586}"
RQ2 Magnitude,Relaxed,Reduced,Ridge Regression,13.252509659474578,16.808342433217188,-0.8701125678657522,0.37344205008736164,2,2024-07-18,2025-05-14,2025-05-15,2025-10-16,-15.738483390558715,"{""model__alpha"": 175.05685060386762}"
RQ2 Magnitude,Relaxed,Reduced,Ridge Regression,12.633262045757792,17.880128412777793,0.13175102455553978,0.3821083284799068,3,2024-07-18,2025-10-16,2025-10-17,2026-03-20,-14.251153943051124,"{""model__alpha"": 345.85752888640803}"
RQ2 Magnitude,Relaxed,Reduced,Elastic Net,20.17383088006395,30.613551359345408,0.2189178714667529,0.4417821782178217,1,2024-07-18,2024-12-13,2024-12-16,2025-05-14,-8.259004925146058,"{""model__alpha"": 0.4771285535887599, ""model__l1_ratio"": 0.4450614124896827}"
RQ2 Magnitude,Relaxed,Reduced,Elastic Net,13.791615498327161,16.92427723171616,-0.8959995757201538,0.35924286546301687,2,2024-07-18,2025-05-14,2025-05-15,2025-10-16,-15.542894356423394,"{""model__alpha"": 2.588558055379328, ""model__l1_ratio"": 0.7260578185665586}"
RQ2 Magnitude,Relaxed,Reduced,Elastic Net,12.669520683217314,17.929746852870156,0.1269254511376986,0.38775771694816535,3,2024-07-18,2025-10-16,2025-10-17,2026-03-20,-14.132290227002024,"{""model__alpha"": 1.9025906512182598, ""model__l1_ratio"": 0.06693827118834939}"
RQ2 Magnitude,Relaxed,Reduced,Extra Trees,19.011183449876874,32.87910859648599,0.09903204684989197,0.4801514269073966,1,2024-07-18,2024-12-13,2024-12-16,2025-05-14,-8.75676426648066,"{""model__bootstrap"": true, ""model__max_depth"": 5, ""model__max_features"": 0.8, ""model__min_samples_leaf"": 4, ""model__min_samples_split"": 5, ""model__n_estimators"": 332}"
RQ2 Magnitude,Relaxed,Reduced,Extra Trees,10.649481342880007,13.316240578894629,-0.17376522834878205,0.3709959231217239,2,2024-07-18,2025-05-14,2025-05-15,2025-10-16,-15.408934483199774,"{""model__bootstrap"": true, ""model__max_depth"": 5, ""model__max_features"": ""sqrt"", ""model__min_samples_leaf"": 2, ""model__min_samples_split"": 6, ""model__n_estimators"": 426}"
RQ2 Magnitude,Relaxed,Reduced,Extra Trees,12.459754947628833,17.234636127777286,0.19330892926184828,0.4575655212580081,3,2024-07-18,2025-10-16,2025-10-17,2026-03-20,-13.2029417656672,"{""model__bootstrap"": false, ""model__max_depth"": 12, ""model__max_features"": 0.8, ""model__min_samples_leaf"": 6, ""model__min_samples_split"": 11, ""model__n_estimators"": 693}"
RQ2 Magnitude,Relaxed,Reduced,Histogram Gradient Boosting,21.85463904098626,38.35940985287666,-0.22634625324706037,0.43098299498416764,1,2024-07-18,2024-12-13,2024-12-16,2025-05-14,-8.942259881789056,"{""model__l2_regularization"": 0.10320863488740319, ""model__learning_rate"": 0.01722590960047943, ""model__loss"": ""absolute_error"", ""model__max_bins"": 32, ""model__max_iter"": 166, ""model__max_leaf_nodes"": 12, ""model__min_samples_leaf"": 30}"
RQ2 Magnitude,Relaxed,Reduced,Histogram Gradient Boosting,9.049156365326253,12.819093344429914,-0.0877587717447208,0.3380780430984275,2,2024-07-18,2025-05-14,2025-05-15,2025-10-16,-15.851765135274027,"{""model__l2_regularization"": 5.96019394075478, ""model__learning_rate"": 0.01758541500772671, ""model__loss"": ""absolute_error"", ""model__max_bins"": 128, ""model__max_iter"": 258, ""model__max_leaf_nodes"": 19, ""model__min_samples_leaf"": 11}"
RQ2 Magnitude,Relaxed,Reduced,Histogram Gradient Boosting,12.777158150111903,17.875473293124816,0.13220306568534546,0.4245311589982527,3,2024-07-18,2025-10-16,2025-10-17,2026-03-20,-13.537210420659243,"{""model__l2_regularization"": 17.937759028671657, ""model__learning_rate"": 0.051876918809428636, ""model__loss"": ""absolute_error"", ""model__max_bins"": 255, ""model__max_iter"": 313, ""model__max_leaf_nodes"": 8, ""model__min_samples_leaf"": 12}"
RQ2 Magnitude,Relaxed,Reduced,RBF SVR,20.066131210839664,35.079783424310406,-0.025611971018246527,0.457577169481654,1,2024-07-18,2024-12-13,2024-12-16,2025-05-14,-8.56731517314395,"{""model__C"": 38.76094171803448, ""model__epsilon"": 0.22688483841007323, ""model__gamma"": 0.0011200032693099203}"
RQ2 Magnitude,Relaxed,Reduced,RBF SVR,9.764177230317276,13.133454976762904,-0.14176296936134758,0.27227722772277224,2,2024-07-18,2025-05-14,2025-05-15,2025-10-16,-15.705478030593435,"{""model__C"": 16.598498453342284, ""model__epsilon"": 0.33949926769495553, ""model__gamma"": 0.01155978355611923}"
RQ2 Magnitude,Relaxed,Reduced,RBF SVR,12.07212978975172,17.414860854051387,0.1763493793934472,0.3902620850320326,3,2024-07-18,2025-10-16,2025-10-17,2026-03-20,-13.458201021576796,"{""model__C"": 6.690921558581586, ""model__epsilon"": 0.08763337482261196, ""model__gamma"": 0.025352249141085578}"
