session_date,rule,contracts,option_type,option_ticker,entry_execution_price,capital_at_risk_usd,net_pnl_usd,return_on_initial_premium,winner,tp1_achieved,tp2_achieved,ambiguous_intrabar,last_exit_timestamp,tp1_contracts_exited,tp2_contracts_exited,stop_contracts_exited,runner_contracts_exited_at_close,legs_json
2025-01-02,1C_HOLD_CLOSE,1,call,O:SPXW250102C05845000,9.3765,939.15,1234.85,1.3148591811744663,True,False,False,False,2025-01-02 15:59:00-05:00,0,0,0,1,"[{""timestamp"": ""2025-01-02T15:59:00-05:00"", ""contracts"": 1, ""reference_price"": 22.9, ""execution_price"": 21.755, ""reason"": ""close_runner""}]"
2025-01-02,1C_STOP50_HOLD_CLOSE,1,call,O:SPXW250102C05845000,9.3765,939.15,1234.85,1.3148591811744663,True,False,False,False,2025-01-02 15:59:00-05:00,0,0,0,1,"[{""timestamp"": ""2025-01-02T15:59:00-05:00"", ""contracts"": 1, ""reference_price"": 22.9, ""execution_price"": 21.755, ""reason"": ""close_runner""}]"
2025-01-02,2C_TP100_RUNNER_CLOSE,2,call,O:SPXW250102C05845000,9.3765,1878.3,2075.7349999999997,1.105113666613427,True,True,False,False,2025-01-02 15:59:00-05:00,1,0,0,1,"[{""timestamp"": ""2025-01-02T15:04:00-05:00"", ""contracts"": 1, ""reference_price"": 18.753, ""execution_price"": 17.81535, ""reason"": ""tp1""}, {""timestamp"": ""2025-01-02T15:59:00-05:00"", ""contracts"": 1, ""reference_price"": 22.9, ""execution_price"": 21.755, ""reason"": ""close_runner""}]"
2025-01-02,2C_TP100_RUNNER_BE,2,call,O:SPXW250102C05845000,9.3765,1878.3,2075.7349999999997,1.105113666613427,True,True,False,False,2025-01-02 15:59:00-05:00,1,0,0,1,"[{""timestamp"": ""2025-01-02T15:04:00-05:00"", ""contracts"": 1, ""reference_price"": 18.753, ""execution_price"": 17.81535, ""reason"": ""tp1""}, {""timestamp"": ""2025-01-02T15:59:00-05:00"", ""contracts"": 1, ""reference_price"": 22.9, ""execution_price"": 21.755, ""reason"": ""close_runner""}]"
2025-01-02,2C_TP100_RUNNER_TRAIL25,2,call,O:SPXW250102C05845000,9.3765,1878.3,1761.2849999999996,0.9377016451046157,True,True,False,False,2025-01-02 15:15:00-05:00,1,0,1,0,"[{""timestamp"": ""2025-01-02T15:04:00-05:00"", ""contracts"": 1, ""reference_price"": 18.753, ""execution_price"": 17.81535, ""reason"": ""tp1""}, {""timestamp"": ""2025-01-02T15:15:00-05:00"", ""contracts"": 1, ""reference_price"": 19.59, ""execution_price"": 18.6105, ""reason"": ""stop""}]"
2025-01-02,3C_TP50_TP100_RUNNER_CLOSE,3,call,O:SPXW250102C05845000,9.3765,2817.45,2471.23625,0.8771180500097606,True,True,True,False,2025-01-02 15:59:00-05:00,1,1,0,1,"[{""timestamp"": ""2025-01-02T15:03:00-05:00"", ""contracts"": 1, ""reference_price"": 14.06475, ""execution_price"": 13.3615125, ""reason"": ""tp1""}, {""timestamp"": ""2025-01-02T15:04:00-05:00"", ""contracts"": 1, ""reference_price"": 18.753, ""execution_price"": 17.81535, ""reason"": ""tp2""}, {""timestamp"": ""2025-01-02T15:59:00-05:00"", ""contracts"": 1, ""reference_price"": 22.9, ""execution_price"": 21.755, ""reason"": ""close_runner""}]"
2025-01-14,1C_HOLD_CLOSE,1,call,O:SPXW250114C05825000,9.45,946.4999999999999,648.0000000000001,0.6846275752773378,True,False,False,False,2025-01-14 15:59:00-05:00,0,0,0,1,"[{""timestamp"": ""2025-01-14T15:59:00-05:00"", ""contracts"": 1, ""reference_price"": 16.8, ""execution_price"": 15.96, ""reason"": ""close_runner""}]"
2025-01-14,1C_STOP50_HOLD_CLOSE,1,call,O:SPXW250114C05825000,9.45,946.4999999999999,-499.12499999999994,-0.527337559429477,False,False,False,False,2025-01-14 15:02:00-05:00,0,0,1,0,"[{""timestamp"": ""2025-01-14T15:02:00-05:00"", ""contracts"": 1, ""reference_price"": 4.725, ""execution_price"": 4.48875, ""reason"": ""stop""}]"
2025-01-14,2C_TP100_RUNNER_CLOSE,2,call,O:SPXW250114C05825000,9.45,1892.9999999999998,-998.2499999999999,-0.527337559429477,False,False,False,False,2025-01-14 15:02:00-05:00,0,0,1,0,"[{""timestamp"": ""2025-01-14T15:02:00-05:00"", ""contracts"": 2, ""reference_price"": 4.725, ""execution_price"": 4.48875, ""reason"": ""stop""}]"
2025-01-14,2C_TP100_RUNNER_BE,2,call,O:SPXW250114C05825000,9.45,1892.9999999999998,-998.2499999999999,-0.527337559429477,False,False,False,False,2025-01-14 15:02:00-05:00,0,0,1,0,"[{""timestamp"": ""2025-01-14T15:02:00-05:00"", ""contracts"": 2, ""reference_price"": 4.725, ""execution_price"": 4.48875, ""reason"": ""stop""}]"
2025-01-14,2C_TP100_RUNNER_TRAIL25,2,call,O:SPXW250114C05825000,9.45,1892.9999999999998,-998.2499999999999,-0.527337559429477,False,False,False,False,2025-01-14 15:02:00-05:00,0,0,1,0,"[{""timestamp"": ""2025-01-14T15:02:00-05:00"", ""contracts"": 2, ""reference_price"": 4.725, ""execution_price"": 4.48875, ""reason"": ""stop""}]"
2025-01-14,3C_TP50_TP100_RUNNER_CLOSE,3,call,O:SPXW250114C05825000,9.45,2839.4999999999995,-1497.3749999999998,-0.527337559429477,False,False,False,False,2025-01-14 15:02:00-05:00,0,0,1,0,"[{""timestamp"": ""2025-01-14T15:02:00-05:00"", ""contracts"": 3, ""reference_price"": 4.725, ""execution_price"": 4.48875, ""reason"": ""stop""}]"
2025-04-02,1C_HOLD_CLOSE,1,call,O:SPXW250402C05635000,9.975,999.0,3024.65,3.0276776776776777,True,False,False,False,2025-04-02 15:58:00-04:00,0,0,0,1,"[{""timestamp"": ""2025-04-02T15:58:00-04:00"", ""contracts"": 1, ""reference_price"": 42.37, ""execution_price"": 40.2515, ""reason"": ""close_runner""}]"
2025-04-02,1C_STOP50_HOLD_CLOSE,1,call,O:SPXW250402C05635000,9.975,999.0,3024.65,3.0276776776776777,True,False,False,False,2025-04-02 15:58:00-04:00,0,0,0,1,"[{""timestamp"": ""2025-04-02T15:58:00-04:00"", ""contracts"": 1, ""reference_price"": 42.37, ""execution_price"": 40.2515, ""reason"": ""close_runner""}]"
2025-04-02,2C_TP100_RUNNER_CLOSE,2,call,O:SPXW250402C05635000,9.975,1998.0,3919.3999999999996,1.9616616616616616,True,True,False,False,2025-04-02 15:58:00-04:00,1,0,0,1,"[{""timestamp"": ""2025-04-02T15:28:00-04:00"", ""contracts"": 1, ""reference_price"": 19.95, ""execution_price"": 18.9525, ""reason"": ""tp1""}, {""timestamp"": ""2025-04-02T15:58:00-04:00"", ""contracts"": 1, ""reference_price"": 42.37, ""execution_price"": 40.2515, ""reason"": ""close_runner""}]"
2025-04-02,2C_TP100_RUNNER_BE,2,call,O:SPXW250402C05635000,9.975,1998.0,3919.3999999999996,1.9616616616616616,True,True,False,False,2025-04-02 15:58:00-04:00,1,0,0,1,"[{""timestamp"": ""2025-04-02T15:28:00-04:00"", ""contracts"": 1, ""reference_price"": 19.95, ""execution_price"": 18.9525, ""reason"": ""tp1""}, {""timestamp"": ""2025-04-02T15:58:00-04:00"", ""contracts"": 1, ""reference_price"": 42.37, ""execution_price"": 40.2515, ""reason"": ""close_runner""}]"
2025-04-02,2C_TP100_RUNNER_TRAIL25,2,call,O:SPXW250402C05635000,9.975,1998.0,3919.3999999999996,1.9616616616616616,True,True,False,False,2025-04-02 15:58:00-04:00,1,0,0,1,"[{""timestamp"": ""2025-04-02T15:28:00-04:00"", ""contracts"": 1, ""reference_price"": 19.95, ""execution_price"": 18.9525, ""reason"": ""tp1""}, {""timestamp"": ""2025-04-02T15:58:00-04:00"", ""contracts"": 1, ""reference_price"": 42.37, ""execution_price"": 40.2515, ""reason"": ""close_runner""}]"
2025-04-02,3C_TP50_TP100_RUNNER_CLOSE,3,call,O:SPXW250402C05635000,9.975,2997.0,4340.3375,1.4482273940607273,True,True,True,False,2025-04-02 15:58:00-04:00,1,1,0,1,"[{""timestamp"": ""2025-04-02T15:01:00-04:00"", ""contracts"": 1, ""reference_price"": 14.962499999999999, ""execution_price"": 14.214374999999999, ""reason"": ""tp1""}, {""timestamp"": ""2025-04-02T15:28:00-04:00"", ""contracts"": 1, ""reference_price"": 19.95, ""execution_price"": 18.9525, ""reason"": ""tp2""}, {""timestamp"": ""2025-04-02T15:58:00-04:00"", ""contracts"": 1, ""reference_price"": 42.37, ""execution_price"": 40.2515, ""reason"": ""close_runner""}]"
2025-04-11,1C_HOLD_CLOSE,1,call,O:SPXW250411C05340000,19.634999999999998,1964.9999999999998,123.50000000000023,0.06284987277353701,True,False,False,False,2025-04-11 15:59:00-04:00,0,0,0,1,"[{""timestamp"": ""2025-04-11T15:59:00-04:00"", ""contracts"": 1, ""reference_price"": 22.0, ""execution_price"": 20.9, ""reason"": ""close_runner""}]"
2025-04-11,1C_STOP50_HOLD_CLOSE,1,call,O:SPXW250411C05340000,19.634999999999998,1964.9999999999998,123.50000000000023,0.06284987277353701,True,False,False,False,2025-04-11 15:59:00-04:00,0,0,0,1,"[{""timestamp"": ""2025-04-11T15:59:00-04:00"", ""contracts"": 1, ""reference_price"": 22.0, ""execution_price"": 20.9, ""reason"": ""close_runner""}]"
2025-04-11,2C_TP100_RUNNER_CLOSE,2,call,O:SPXW250411C05340000,19.634999999999998,3929.9999999999995,247.00000000000045,0.06284987277353701,True,False,False,False,2025-04-11 15:59:00-04:00,0,0,0,1,"[{""timestamp"": ""2025-04-11T15:59:00-04:00"", ""contracts"": 2, ""reference_price"": 22.0, ""execution_price"": 20.9, ""reason"": ""close_runner""}]"
2025-04-11,2C_TP100_RUNNER_BE,2,call,O:SPXW250411C05340000,19.634999999999998,3929.9999999999995,247.00000000000045,0.06284987277353701,True,False,False,False,2025-04-11 15:59:00-04:00,0,0,0,1,"[{""timestamp"": ""2025-04-11T15:59:00-04:00"", ""contracts"": 2, ""reference_price"": 22.0, ""execution_price"": 20.9, ""reason"": ""close_runner""}]"
2025-04-11,2C_TP100_RUNNER_TRAIL25,2,call,O:SPXW250411C05340000,19.634999999999998,3929.9999999999995,247.00000000000045,0.06284987277353701,True,False,False,False,2025-04-11 15:59:00-04:00,0,0,0,1,"[{""timestamp"": ""2025-04-11T15:59:00-04:00"", ""contracts"": 2, ""reference_price"": 22.0, ""execution_price"": 20.9, ""reason"": ""close_runner""}]"
2025-04-11,3C_TP50_TP100_RUNNER_CLOSE,3,call,O:SPXW250411C05340000,19.634999999999998,5894.999999999999,1078.4875000000002,0.18294953350296866,True,True,False,False,2025-04-11 15:59:00-04:00,1,0,0,1,"[{""timestamp"": ""2025-04-11T15:03:00-04:00"", ""contracts"": 1, ""reference_price"": 29.452499999999997, ""execution_price"": 27.979874999999996, ""reason"": ""tp1""}, {""timestamp"": ""2025-04-11T15:59:00-04:00"", ""contracts"": 2, ""reference_price"": 22.0, ""execution_price"": 20.9, ""reason"": ""close_runner""}]"
2025-04-14,1C_HOLD_CLOSE,1,call,O:SPXW250414C05425000,9.9225,993.75,-995.25,-1.001509433962264,False,False,False,False,2025-04-14 15:59:00-04:00,0,0,0,1,"[{""timestamp"": ""2025-04-14T15:59:00-04:00"", ""contracts"": 1, ""reference_price"": 0.05, ""execution_price"": 0.0, ""reason"": ""close_runner""}]"
2025-04-14,1C_STOP50_HOLD_CLOSE,1,call,O:SPXW250414C05425000,9.9225,993.75,-523.93125,-0.5272264150943397,False,False,False,False,2025-04-14 15:49:00-04:00,0,0,1,0,"[{""timestamp"": ""2025-04-14T15:49:00-04:00"", ""contracts"": 1, ""reference_price"": 4.96125, ""execution_price"": 4.7131875, ""reason"": ""stop""}]"
2025-04-14,2C_TP100_RUNNER_CLOSE,2,call,O:SPXW250414C05425000,9.9225,1987.5,366.09375,0.18419811320754717,True,True,False,False,2025-04-14 15:49:00-04:00,1,0,1,0,"[{""timestamp"": ""2025-04-14T15:13:00-04:00"", ""contracts"": 1, ""reference_price"": 19.845, ""execution_price"": 18.85275, ""reason"": ""tp1""}, {""timestamp"": ""2025-04-14T15:49:00-04:00"", ""contracts"": 1, ""reference_price"": 4.96125, ""execution_price"": 4.7131875, ""reason"": ""stop""}]"
2025-04-14,2C_TP100_RUNNER_BE,2,call,O:SPXW250414C05425000,9.9225,1987.5,837.4125000000004,0.4213396226415096,True,True,False,False,2025-04-14 15:31:00-04:00,1,0,1,0,"[{""timestamp"": ""2025-04-14T15:13:00-04:00"", ""contracts"": 1, ""reference_price"": 19.845, ""execution_price"": 18.85275, ""reason"": ""tp1""}, {""timestamp"": ""2025-04-14T15:31:00-04:00"", ""contracts"": 1, ""reference_price"": 9.9225, ""execution_price"": 9.426375, ""reason"": ""stop""}]"
2025-04-14,2C_TP100_RUNNER_TRAIL25,2,call,O:SPXW250414C05425000,9.9225,1987.5,1483.6500000000005,0.7464905660377361,True,True,False,False,2025-04-14 15:15:00-04:00,1,0,1,0,"[{""timestamp"": ""2025-04-14T15:13:00-04:00"", ""contracts"": 1, ""reference_price"": 19.845, ""execution_price"": 18.85275, ""reason"": ""tp1""}, {""timestamp"": ""2025-04-14T15:15:00-04:00"", ""contracts"": 1, ""reference_price"": 16.725, ""execution_price"": 15.888750000000002, ""reason"": ""stop""}]"
2025-04-14,3C_TP50_TP100_RUNNER_CLOSE,3,call,O:SPXW250414C05425000,9.9225,2981.25,784.7999999999997,0.26324528301886785,True,True,True,False,2025-04-14 15:49:00-04:00,1,1,1,0,"[{""timestamp"": ""2025-04-14T15:06:00-04:00"", ""contracts"": 1, ""reference_price"": 14.88375, ""execution_price"": 14.139562499999998, ""reason"": ""tp1""}, {""timestamp"": ""2025-04-14T15:13:00-04:00"", ""contracts"": 1, ""reference_price"": 19.845, ""execution_price"": 18.85275, ""reason"": ""tp2""}, {""timestamp"": ""2025-04-14T15:49:00-04:00"", ""contracts"": 1, ""reference_price"": 4.96125, ""execution_price"": 4.7131875, ""reason"": ""stop""}]"
2025-05-07,1C_HOLD_CLOSE,1,call,O:SPXW250507C05625000,14.28,1429.5,-883.8000000000001,-0.6182581322140609,False,False,False,False,2025-05-07 15:59:00-04:00,0,0,0,1,"[{""timestamp"": ""2025-05-07T15:59:00-04:00"", ""contracts"": 1, ""reference_price"": 5.76, ""execution_price"": 5.4719999999999995, ""reason"": ""close_runner""}]"
2025-05-07,1C_STOP50_HOLD_CLOSE,1,call,O:SPXW250507C05625000,14.28,1429.5,-752.7,-0.5265477439664219,False,False,False,False,2025-05-07 15:11:00-04:00,0,0,1,0,"[{""timestamp"": ""2025-05-07T15:11:00-04:00"", ""contracts"": 1, ""reference_price"": 7.14, ""execution_price"": 6.7829999999999995, ""reason"": ""stop""}]"
2025-05-07,2C_TP100_RUNNER_CLOSE,2,call,O:SPXW250507C05625000,14.28,2859.0,-1505.4,-0.5265477439664219,False,False,False,False,2025-05-07 15:11:00-04:00,0,0,1,0,"[{""timestamp"": ""2025-05-07T15:11:00-04:00"", ""contracts"": 2, ""reference_price"": 7.14, ""execution_price"": 6.7829999999999995, ""reason"": ""stop""}]"
2025-05-07,2C_TP100_RUNNER_BE,2,call,O:SPXW250507C05625000,14.28,2859.0,-1505.4,-0.5265477439664219,False,False,False,False,2025-05-07 15:11:00-04:00,0,0,1,0,"[{""timestamp"": ""2025-05-07T15:11:00-04:00"", ""contracts"": 2, ""reference_price"": 7.14, ""execution_price"": 6.7829999999999995, ""reason"": ""stop""}]"
2025-05-07,2C_TP100_RUNNER_TRAIL25,2,call,O:SPXW250507C05625000,14.28,2859.0,-1505.4,-0.5265477439664219,False,False,False,False,2025-05-07 15:11:00-04:00,0,0,1,0,"[{""timestamp"": ""2025-05-07T15:11:00-04:00"", ""contracts"": 2, ""reference_price"": 7.14, ""execution_price"": 6.7829999999999995, ""reason"": ""stop""}]"
2025-05-07,3C_TP50_TP100_RUNNER_CLOSE,3,call,O:SPXW250507C05625000,14.28,4288.5,-2258.1000000000004,-0.5265477439664219,False,False,False,False,2025-05-07 15:11:00-04:00,0,0,1,0,"[{""timestamp"": ""2025-05-07T15:11:00-04:00"", ""contracts"": 3, ""reference_price"": 7.14, ""execution_price"": 6.7829999999999995, ""reason"": ""stop""}]"
2025-11-06,1C_HOLD_CLOSE,1,put,O:SPXW251106P06750000,7.245,726.0,2122.5,2.9235537190082646,True,False,False,False,2025-11-06 15:59:00-05:00,0,0,0,1,"[{""timestamp"": ""2025-11-06T15:59:00-05:00"", ""contracts"": 1, ""reference_price"": 30.0, ""execution_price"": 28.5, ""reason"": ""close_runner""}]"
2025-11-06,1C_STOP50_HOLD_CLOSE,1,put,O:SPXW251106P06750000,7.245,726.0,2122.5,2.9235537190082646,True,False,False,False,2025-11-06 15:59:00-05:00,0,0,0,1,"[{""timestamp"": ""2025-11-06T15:59:00-05:00"", ""contracts"": 1, ""reference_price"": 30.0, ""execution_price"": 28.5, ""reason"": ""close_runner""}]"
2025-11-06,2C_TP100_RUNNER_CLOSE,2,put,O:SPXW251106P06750000,7.245,1452.0,2771.55,1.9087809917355374,True,True,False,False,2025-11-06 15:59:00-05:00,1,0,0,1,"[{""timestamp"": ""2025-11-06T15:43:00-05:00"", ""contracts"": 1, ""reference_price"": 14.49, ""execution_price"": 13.7655, ""reason"": ""tp1""}, {""timestamp"": ""2025-11-06T15:59:00-05:00"", ""contracts"": 1, ""reference_price"": 30.0, ""execution_price"": 28.5, ""reason"": ""close_runner""}]"
2025-11-06,2C_TP100_RUNNER_BE,2,put,O:SPXW251106P06750000,7.245,1452.0,2771.55,1.9087809917355374,True,True,False,False,2025-11-06 15:59:00-05:00,1,0,0,1,"[{""timestamp"": ""2025-11-06T15:43:00-05:00"", ""contracts"": 1, ""reference_price"": 14.49, ""execution_price"": 13.7655, ""reason"": ""tp1""}, {""timestamp"": ""2025-11-06T15:59:00-05:00"", ""contracts"": 1, ""reference_price"": 30.0, ""execution_price"": 28.5, ""reason"": ""close_runner""}]"
2025-11-06,2C_TP100_RUNNER_TRAIL25,2,put,O:SPXW251106P06750000,7.245,1452.0,1717.0499999999997,1.1825413223140493,True,True,False,False,2025-11-06 15:52:00-05:00,1,0,1,0,"[{""timestamp"": ""2025-11-06T15:43:00-05:00"", ""contracts"": 1, ""reference_price"": 14.49, ""execution_price"": 13.7655, ""reason"": ""tp1""}, {""timestamp"": ""2025-11-06T15:52:00-05:00"", ""contracts"": 1, ""reference_price"": 18.9, ""execution_price"": 17.955, ""reason"": ""stop""}]"
2025-11-06,3C_TP50_TP100_RUNNER_CLOSE,3,put,O:SPXW251106P06750000,7.245,2178.0,3076.4624999999996,1.4125172176308538,True,True,True,False,2025-11-06 15:59:00-05:00,1,1,0,1,"[{""timestamp"": ""2025-11-06T15:31:00-05:00"", ""contracts"": 1, ""reference_price"": 10.8675, ""execution_price"": 10.324125, ""reason"": ""tp1""}, {""timestamp"": ""2025-11-06T15:43:00-05:00"", ""contracts"": 1, ""reference_price"": 14.49, ""execution_price"": 13.7655, ""reason"": ""tp2""}, {""timestamp"": ""2025-11-06T15:59:00-05:00"", ""contracts"": 1, ""reference_price"": 30.0, ""execution_price"": 28.5, ""reason"": ""close_runner""}]"
2025-11-20,1C_HOLD_CLOSE,1,put,O:SPXW251120P06595000,14.8155,1483.05,3977.95,2.682276389872223,True,False,False,False,2025-11-20 15:59:00-05:00,0,0,0,1,"[{""timestamp"": ""2025-11-20T15:59:00-05:00"", ""contracts"": 1, ""reference_price"": 57.5, ""execution_price"": 54.625, ""reason"": ""close_runner""}]"
2025-11-20,1C_STOP50_HOLD_CLOSE,1,put,O:SPXW251120P06595000,14.8155,1483.05,3977.95,2.682276389872223,True,False,False,False,2025-11-20 15:59:00-05:00,0,0,0,1,"[{""timestamp"": ""2025-11-20T15:59:00-05:00"", ""contracts"": 1, ""reference_price"": 57.5, ""execution_price"": 54.625, ""reason"": ""close_runner""}]"
2025-11-20,2C_TP100_RUNNER_CLOSE,2,put,O:SPXW251120P06595000,14.8155,2966.1,5308.344999999999,1.7896716226694984,True,True,False,False,2025-11-20 15:59:00-05:00,1,0,0,1,"[{""timestamp"": ""2025-11-20T15:34:00-05:00"", ""contracts"": 1, ""reference_price"": 29.631, ""execution_price"": 28.14945, ""reason"": ""tp1""}, {""timestamp"": ""2025-11-20T15:59:00-05:00"", ""contracts"": 1, ""reference_price"": 57.5, ""execution_price"": 54.625, ""reason"": ""close_runner""}]"
2025-11-20,2C_TP100_RUNNER_BE,2,put,O:SPXW251120P06595000,14.8155,2966.1,5308.344999999999,1.7896716226694984,True,True,False,False,2025-11-20 15:59:00-05:00,1,0,0,1,"[{""timestamp"": ""2025-11-20T15:34:00-05:00"", ""contracts"": 1, ""reference_price"": 29.631, ""execution_price"": 28.14945, ""reason"": ""tp1""}, {""timestamp"": ""2025-11-20T15:59:00-05:00"", ""contracts"": 1, ""reference_price"": 57.5, ""execution_price"": 54.625, ""reason"": ""close_runner""}]"
2025-11-20,2C_TP100_RUNNER_TRAIL25,2,put,O:SPXW251120P06595000,14.8155,2966.1,5308.344999999999,1.7896716226694984,True,True,False,False,2025-11-20 15:59:00-05:00,1,0,0,1,"[{""timestamp"": ""2025-11-20T15:34:00-05:00"", ""contracts"": 1, ""reference_price"": 29.631, ""execution_price"": 28.14945, ""reason"": ""tp1""}, {""timestamp"": ""2025-11-20T15:59:00-05:00"", ""contracts"": 1, ""reference_price"": 57.5, ""execution_price"": 54.625, ""reason"": ""close_runner""}]"
2025-11-20,3C_TP50_TP100_RUNNER_CLOSE,3,put,O:SPXW251120P06595000,14.8155,4449.15,5935.003750000002,1.3339635098839109,True,True,True,False,2025-11-20 15:59:00-05:00,1,1,0,1,"[{""timestamp"": ""2025-11-20T15:01:00-05:00"", ""contracts"": 1, ""reference_price"": 22.22325, ""execution_price"": 21.1120875, ""reason"": ""tp1""}, {""timestamp"": ""2025-11-20T15:34:00-05:00"", ""contracts"": 1, ""reference_price"": 29.631, ""execution_price"": 28.14945, ""reason"": ""tp2""}, {""timestamp"": ""2025-11-20T15:59:00-05:00"", ""contracts"": 1, ""reference_price"": 57.5, ""execution_price"": 54.625, ""reason"": ""close_runner""}]"
2026-02-04,1C_HOLD_CLOSE,1,put,O:SPXW260204P06905000,9.66,967.5,981.3500000000004,1.0143152454780366,True,False,False,False,2026-02-04 15:59:00-05:00,0,0,0,1,"[{""timestamp"": ""2026-02-04T15:59:00-05:00"", ""contracts"": 1, ""reference_price"": 20.53, ""execution_price"": 19.503500000000003, ""reason"": ""close_runner""}]"
2026-02-04,1C_STOP50_HOLD_CLOSE,1,put,O:SPXW260204P06905000,9.66,967.5,-510.15000000000003,-0.5272868217054264,False,False,False,False,2026-02-04 15:47:00-05:00,0,0,1,0,"[{""timestamp"": ""2026-02-04T15:47:00-05:00"", ""contracts"": 1, ""reference_price"": 4.83, ""execution_price"": 4.5885, ""reason"": ""stop""}]"
2026-02-04,2C_TP100_RUNNER_CLOSE,2,put,O:SPXW260204P06905000,9.66,1935.0,-1020.3000000000001,-0.5272868217054264,False,False,False,False,2026-02-04 15:47:00-05:00,0,0,1,0,"[{""timestamp"": ""2026-02-04T15:47:00-05:00"", ""contracts"": 2, ""reference_price"": 4.83, ""execution_price"": 4.5885, ""reason"": ""stop""}]"
2026-02-04,2C_TP100_RUNNER_BE,2,put,O:SPXW260204P06905000,9.66,1935.0,-1020.3000000000001,-0.5272868217054264,False,False,False,False,2026-02-04 15:47:00-05:00,0,0,1,0,"[{""timestamp"": ""2026-02-04T15:47:00-05:00"", ""contracts"": 2, ""reference_price"": 4.83, ""execution_price"": 4.5885, ""reason"": ""stop""}]"
2026-02-04,2C_TP100_RUNNER_TRAIL25,2,put,O:SPXW260204P06905000,9.66,1935.0,-1020.3000000000001,-0.5272868217054264,False,False,False,False,2026-02-04 15:47:00-05:00,0,0,1,0,"[{""timestamp"": ""2026-02-04T15:47:00-05:00"", ""contracts"": 2, ""reference_price"": 4.83, ""execution_price"": 4.5885, ""reason"": ""stop""}]"
2026-02-04,3C_TP50_TP100_RUNNER_CLOSE,3,put,O:SPXW260204P06905000,9.66,2902.5,-612.75,-0.2111111111111111,False,True,False,False,2026-02-04 15:47:00-05:00,1,0,1,0,"[{""timestamp"": ""2026-02-04T15:11:00-05:00"", ""contracts"": 1, ""reference_price"": 14.49, ""execution_price"": 13.7655, ""reason"": ""tp1""}, {""timestamp"": ""2026-02-04T15:47:00-05:00"", ""contracts"": 2, ""reference_price"": 4.83, ""execution_price"": 4.5885, ""reason"": ""stop""}]"
2026-02-05,1C_HOLD_CLOSE,1,put,O:SPXW260205P06810000,9.2505,926.5500000000001,59.950000000000045,0.06470239058874323,True,False,False,False,2026-02-05 15:59:00-05:00,0,0,0,1,"[{""timestamp"": ""2026-02-05T15:59:00-05:00"", ""contracts"": 1, ""reference_price"": 10.4, ""execution_price"": 9.88, ""reason"": ""close_runner""}]"
2026-02-05,1C_STOP50_HOLD_CLOSE,1,put,O:SPXW260205P06810000,9.2505,926.5500000000001,-488.65125,-0.5273878905617614,False,False,False,False,2026-02-05 15:07:00-05:00,0,0,1,0,"[{""timestamp"": ""2026-02-05T15:07:00-05:00"", ""contracts"": 1, ""reference_price"": 4.62525, ""execution_price"": 4.393987500000001, ""reason"": ""stop""}]"
2026-02-05,2C_TP100_RUNNER_CLOSE,2,put,O:SPXW260205P06810000,9.2505,1853.1000000000001,-977.3025,-0.5273878905617614,False,False,False,False,2026-02-05 15:07:00-05:00,0,0,1,0,"[{""timestamp"": ""2026-02-05T15:07:00-05:00"", ""contracts"": 2, ""reference_price"": 4.62525, ""execution_price"": 4.393987500000001, ""reason"": ""stop""}]"
2026-02-05,2C_TP100_RUNNER_BE,2,put,O:SPXW260205P06810000,9.2505,1853.1000000000001,-977.3025,-0.5273878905617614,False,False,False,False,2026-02-05 15:07:00-05:00,0,0,1,0,"[{""timestamp"": ""2026-02-05T15:07:00-05:00"", ""contracts"": 2, ""reference_price"": 4.62525, ""execution_price"": 4.393987500000001, ""reason"": ""stop""}]"
2026-02-05,2C_TP100_RUNNER_TRAIL25,2,put,O:SPXW260205P06810000,9.2505,1853.1000000000001,-977.3025,-0.5273878905617614,False,False,False,False,2026-02-05 15:07:00-05:00,0,0,1,0,"[{""timestamp"": ""2026-02-05T15:07:00-05:00"", ""contracts"": 2, ""reference_price"": 4.62525, ""execution_price"": 4.393987500000001, ""reason"": ""stop""}]"
2026-02-05,3C_TP50_TP100_RUNNER_CLOSE,3,put,O:SPXW260205P06810000,9.2505,2779.65,-1465.95375,-0.5273878905617613,False,False,False,False,2026-02-05 15:07:00-05:00,0,0,1,0,"[{""timestamp"": ""2026-02-05T15:07:00-05:00"", ""contracts"": 3, ""reference_price"": 4.62525, ""execution_price"": 4.393987500000001, ""reason"": ""stop""}]"
2026-02-11,1C_HOLD_CLOSE,1,call,O:SPXW260211C06950000,4.9350000000000005,495.00000000000006,-496.50000000000006,-1.003030303030303,False,False,False,False,2026-02-11 15:59:00-05:00,0,0,0,1,"[{""timestamp"": ""2026-02-11T15:59:00-05:00"", ""contracts"": 1, ""reference_price"": 0.05, ""execution_price"": 0.0, ""reason"": ""close_runner""}]"
2026-02-11,1C_STOP50_HOLD_CLOSE,1,call,O:SPXW260211C06950000,4.9350000000000005,495.00000000000006,-262.0875000000001,-0.5294696969696971,False,False,False,False,2026-02-11 15:22:00-05:00,0,0,1,0,"[{""timestamp"": ""2026-02-11T15:22:00-05:00"", ""contracts"": 1, ""reference_price"": 2.4675000000000002, ""execution_price"": 2.344125, ""reason"": ""stop""}]"
2026-02-11,2C_TP100_RUNNER_CLOSE,2,call,O:SPXW260211C06950000,4.9350000000000005,990.0000000000001,-524.1750000000002,-0.5294696969696971,False,False,False,False,2026-02-11 15:22:00-05:00,0,0,1,0,"[{""timestamp"": ""2026-02-11T15:22:00-05:00"", ""contracts"": 2, ""reference_price"": 2.4675000000000002, ""execution_price"": 2.344125, ""reason"": ""stop""}]"
2026-02-11,2C_TP100_RUNNER_BE,2,call,O:SPXW260211C06950000,4.9350000000000005,990.0000000000001,-524.1750000000002,-0.5294696969696971,False,False,False,False,2026-02-11 15:22:00-05:00,0,0,1,0,"[{""timestamp"": ""2026-02-11T15:22:00-05:00"", ""contracts"": 2, ""reference_price"": 2.4675000000000002, ""execution_price"": 2.344125, ""reason"": ""stop""}]"
2026-02-11,2C_TP100_RUNNER_TRAIL25,2,call,O:SPXW260211C06950000,4.9350000000000005,990.0000000000001,-524.1750000000002,-0.5294696969696971,False,False,False,False,2026-02-11 15:22:00-05:00,0,0,1,0,"[{""timestamp"": ""2026-02-11T15:22:00-05:00"", ""contracts"": 2, ""reference_price"": 2.4675000000000002, ""execution_price"": 2.344125, ""reason"": ""stop""}]"
2026-02-11,3C_TP50_TP100_RUNNER_CLOSE,3,call,O:SPXW260211C06950000,4.9350000000000005,1485.0000000000002,-786.2625000000003,-0.529469696969697,False,False,False,False,2026-02-11 15:22:00-05:00,0,0,1,0,"[{""timestamp"": ""2026-02-11T15:22:00-05:00"", ""contracts"": 3, ""reference_price"": 2.4675000000000002, ""execution_price"": 2.344125, ""reason"": ""stop""}]"
2026-02-17,1C_HOLD_CLOSE,1,put,O:SPXW260217P06855000,7.9799999999999995,799.5,253.5,0.3170731707317073,True,False,False,False,2026-02-17 15:59:00-05:00,0,0,0,1,"[{""timestamp"": ""2026-02-17T15:59:00-05:00"", ""contracts"": 1, ""reference_price"": 11.1, ""execution_price"": 10.545, ""reason"": ""close_runner""}]"
2026-02-17,1C_STOP50_HOLD_CLOSE,1,put,O:SPXW260217P06855000,7.9799999999999995,799.5,253.5,0.3170731707317073,True,False,False,False,2026-02-17 15:59:00-05:00,0,0,0,1,"[{""timestamp"": ""2026-02-17T15:59:00-05:00"", ""contracts"": 1, ""reference_price"": 11.1, ""execution_price"": 10.545, ""reason"": ""close_runner""}]"
2026-02-17,2C_TP100_RUNNER_CLOSE,2,put,O:SPXW260217P06855000,7.9799999999999995,1599.0,968.6999999999998,0.6058161350844277,True,True,False,False,2026-02-17 15:59:00-05:00,1,0,0,1,"[{""timestamp"": ""2026-02-17T15:31:00-05:00"", ""contracts"": 1, ""reference_price"": 15.959999999999999, ""execution_price"": 15.161999999999999, ""reason"": ""tp1""}, {""timestamp"": ""2026-02-17T15:59:00-05:00"", ""contracts"": 1, ""reference_price"": 11.1, ""execution_price"": 10.545, ""reason"": ""close_runner""}]"
2026-02-17,2C_TP100_RUNNER_BE,2,put,O:SPXW260217P06855000,7.9799999999999995,1599.0,672.2999999999997,0.420450281425891,True,True,False,False,2026-02-17 15:44:00-05:00,1,0,1,0,"[{""timestamp"": ""2026-02-17T15:31:00-05:00"", ""contracts"": 1, ""reference_price"": 15.959999999999999, ""execution_price"": 15.161999999999999, ""reason"": ""tp1""}, {""timestamp"": ""2026-02-17T15:44:00-05:00"", ""contracts"": 1, ""reference_price"": 7.9799999999999995, ""execution_price"": 7.5809999999999995, ""reason"": ""stop""}]"
2026-02-17,2C_TP100_RUNNER_TRAIL25,2,put,O:SPXW260217P06855000,7.9799999999999995,1599.0,1070.5874999999996,0.6695356472795495,True,True,False,False,2026-02-17 15:32:00-05:00,1,0,1,0,"[{""timestamp"": ""2026-02-17T15:31:00-05:00"", ""contracts"": 1, ""reference_price"": 15.959999999999999, ""execution_price"": 15.161999999999999, ""reason"": ""tp1""}, {""timestamp"": ""2026-02-17T15:32:00-05:00"", ""contracts"": 1, ""reference_price"": 12.1725, ""execution_price"": 11.563875, ""reason"": ""stop""}]"
2026-02-17,3C_TP50_TP100_RUNNER_CLOSE,3,put,O:SPXW260217P06855000,7.9799999999999995,2398.5,1304.8499999999995,0.5440275171982487,True,True,True,False,2026-02-17 15:59:00-05:00,1,1,0,1,"[{""timestamp"": ""2026-02-17T15:31:00-05:00"", ""contracts"": 1, ""reference_price"": 11.969999999999999, ""execution_price"": 11.3715, ""reason"": ""tp1""}, {""timestamp"": ""2026-02-17T15:31:00-05:00"", ""contracts"": 1, ""reference_price"": 15.959999999999999, ""execution_price"": 15.161999999999999, ""reason"": ""tp2""}, {""timestamp"": ""2026-02-17T15:59:00-05:00"", ""contracts"": 1, ""reference_price"": 11.1, ""execution_price"": 10.545, ""reason"": ""close_runner""}]"
2026-03-03,1C_HOLD_CLOSE,1,call,O:SPXW260303C06825000,10.122,1013.7,-1015.2,-1.0014797277300977,False,False,False,False,2026-03-03 15:59:00-05:00,0,0,0,1,"[{""timestamp"": ""2026-03-03T15:59:00-05:00"", ""contracts"": 1, ""reference_price"": 0.05, ""execution_price"": 0.0, ""reason"": ""close_runner""}]"
2026-03-03,1C_STOP50_HOLD_CLOSE,1,call,O:SPXW260303C06825000,10.122,1013.7,-534.405,-0.527182598401894,False,False,False,False,2026-03-03 15:17:00-05:00,0,0,1,0,"[{""timestamp"": ""2026-03-03T15:17:00-05:00"", ""contracts"": 1, ""reference_price"": 5.061, ""execution_price"": 4.80795, ""reason"": ""stop""}]"
2026-03-03,2C_TP100_RUNNER_CLOSE,2,call,O:SPXW260303C06825000,10.122,2027.4,-1068.81,-0.527182598401894,False,False,False,False,2026-03-03 15:17:00-05:00,0,0,1,0,"[{""timestamp"": ""2026-03-03T15:17:00-05:00"", ""contracts"": 2, ""reference_price"": 5.061, ""execution_price"": 4.80795, ""reason"": ""stop""}]"
2026-03-03,2C_TP100_RUNNER_BE,2,call,O:SPXW260303C06825000,10.122,2027.4,-1068.81,-0.527182598401894,False,False,False,False,2026-03-03 15:17:00-05:00,0,0,1,0,"[{""timestamp"": ""2026-03-03T15:17:00-05:00"", ""contracts"": 2, ""reference_price"": 5.061, ""execution_price"": 4.80795, ""reason"": ""stop""}]"
2026-03-03,2C_TP100_RUNNER_TRAIL25,2,call,O:SPXW260303C06825000,10.122,2027.4,-1068.81,-0.527182598401894,False,False,False,False,2026-03-03 15:17:00-05:00,0,0,1,0,"[{""timestamp"": ""2026-03-03T15:17:00-05:00"", ""contracts"": 2, ""reference_price"": 5.061, ""execution_price"": 4.80795, ""reason"": ""stop""}]"
2026-03-03,3C_TP50_TP100_RUNNER_CLOSE,3,call,O:SPXW260303C06825000,10.122,3041.1000000000004,-1603.2150000000004,-0.5271825984018941,False,False,False,False,2026-03-03 15:17:00-05:00,0,0,1,0,"[{""timestamp"": ""2026-03-03T15:17:00-05:00"", ""contracts"": 3, ""reference_price"": 5.061, ""execution_price"": 4.80795, ""reason"": ""stop""}]"
2026-03-05,1C_HOLD_CLOSE,1,put,O:SPXW260305P06785000,8.82,883.5,-885.0,-1.0016977928692699,False,False,False,False,2026-03-05 15:59:00-05:00,0,0,0,1,"[{""timestamp"": ""2026-03-05T15:59:00-05:00"", ""contracts"": 1, ""reference_price"": 0.03, ""execution_price"": 0.0, ""reason"": ""close_runner""}]"
2026-03-05,1C_STOP50_HOLD_CLOSE,1,put,O:SPXW260305P06785000,8.82,883.5,-466.05,-0.5275042444821731,False,False,False,False,2026-03-05 15:08:00-05:00,0,0,1,0,"[{""timestamp"": ""2026-03-05T15:08:00-05:00"", ""contracts"": 1, ""reference_price"": 4.41, ""execution_price"": 4.1895, ""reason"": ""stop""}]"
2026-03-05,2C_TP100_RUNNER_CLOSE,2,put,O:SPXW260305P06785000,8.82,1767.0,-932.1,-0.5275042444821731,False,False,False,False,2026-03-05 15:08:00-05:00,0,0,1,0,"[{""timestamp"": ""2026-03-05T15:08:00-05:00"", ""contracts"": 2, ""reference_price"": 4.41, ""execution_price"": 4.1895, ""reason"": ""stop""}]"
2026-03-05,2C_TP100_RUNNER_BE,2,put,O:SPXW260305P06785000,8.82,1767.0,-932.1,-0.5275042444821731,False,False,False,False,2026-03-05 15:08:00-05:00,0,0,1,0,"[{""timestamp"": ""2026-03-05T15:08:00-05:00"", ""contracts"": 2, ""reference_price"": 4.41, ""execution_price"": 4.1895, ""reason"": ""stop""}]"
2026-03-05,2C_TP100_RUNNER_TRAIL25,2,put,O:SPXW260305P06785000,8.82,1767.0,-932.1,-0.5275042444821731,False,False,False,False,2026-03-05 15:08:00-05:00,0,0,1,0,"[{""timestamp"": ""2026-03-05T15:08:00-05:00"", ""contracts"": 2, ""reference_price"": 4.41, ""execution_price"": 4.1895, ""reason"": ""stop""}]"
2026-03-05,3C_TP50_TP100_RUNNER_CLOSE,3,put,O:SPXW260305P06785000,8.82,2650.5,-1398.15,-0.5275042444821733,False,False,False,False,2026-03-05 15:08:00-05:00,0,0,1,0,"[{""timestamp"": ""2026-03-05T15:08:00-05:00"", ""contracts"": 3, ""reference_price"": 4.41, ""execution_price"": 4.1895, ""reason"": ""stop""}]"
2026-03-06,1C_HOLD_CLOSE,1,put,O:SPXW260306P06765000,10.184999999999999,1019.9999999999999,1334.5,1.3083333333333336,True,False,False,False,2026-03-06 15:59:00-05:00,0,0,0,1,"[{""timestamp"": ""2026-03-06T15:59:00-05:00"", ""contracts"": 1, ""reference_price"": 24.8, ""execution_price"": 23.560000000000002, ""reason"": ""close_runner""}]"
2026-03-06,1C_STOP50_HOLD_CLOSE,1,put,O:SPXW260306P06765000,10.184999999999999,1019.9999999999999,1334.5,1.3083333333333336,True,False,False,False,2026-03-06 15:59:00-05:00,0,0,0,1,"[{""timestamp"": ""2026-03-06T15:59:00-05:00"", ""contracts"": 1, ""reference_price"": 24.8, ""execution_price"": 23.560000000000002, ""reason"": ""close_runner""}]"
2026-03-06,2C_TP100_RUNNER_CLOSE,2,put,O:SPXW260306P06765000,10.184999999999999,2039.9999999999998,2248.1499999999996,1.1020343137254902,True,True,False,False,2026-03-06 15:59:00-05:00,1,0,0,1,"[{""timestamp"": ""2026-03-06T15:11:00-05:00"", ""contracts"": 1, ""reference_price"": 20.369999999999997, ""execution_price"": 19.351499999999998, ""reason"": ""tp1""}, {""timestamp"": ""2026-03-06T15:59:00-05:00"", ""contracts"": 1, ""reference_price"": 24.8, ""execution_price"": 23.560000000000002, ""reason"": ""close_runner""}]"
2026-03-06,2C_TP100_RUNNER_BE,2,put,O:SPXW260306P06765000,10.184999999999999,2039.9999999999998,2248.1499999999996,1.1020343137254902,True,True,False,False,2026-03-06 15:59:00-05:00,1,0,0,1,"[{""timestamp"": ""2026-03-06T15:11:00-05:00"", ""contracts"": 1, ""reference_price"": 20.369999999999997, ""execution_price"": 19.351499999999998, ""reason"": ""tp1""}, {""timestamp"": ""2026-03-06T15:59:00-05:00"", ""contracts"": 1, ""reference_price"": 24.8, ""execution_price"": 23.560000000000002, ""reason"": ""close_runner""}]"
2026-03-06,2C_TP100_RUNNER_TRAIL25,2,put,O:SPXW260306P06765000,10.184999999999999,2039.9999999999998,1396.95,0.684779411764706,True,True,False,False,2026-03-06 15:16:00-05:00,1,0,1,0,"[{""timestamp"": ""2026-03-06T15:11:00-05:00"", ""contracts"": 1, ""reference_price"": 20.369999999999997, ""execution_price"": 19.351499999999998, ""reason"": ""tp1""}, {""timestamp"": ""2026-03-06T15:16:00-05:00"", ""contracts"": 1, ""reference_price"": 15.84, ""execution_price"": 15.048, ""reason"": ""stop""}]"
2026-03-06,3C_TP50_TP100_RUNNER_CLOSE,3,put,O:SPXW260306P06765000,10.184999999999999,3059.9999999999995,2678.0125000000003,0.875167483660131,True,True,True,False,2026-03-06 15:59:00-05:00,1,1,0,1,"[{""timestamp"": ""2026-03-06T15:10:00-05:00"", ""contracts"": 1, ""reference_price"": 15.277499999999998, ""execution_price"": 14.513624999999998, ""reason"": ""tp1""}, {""timestamp"": ""2026-03-06T15:11:00-05:00"", ""contracts"": 1, ""reference_price"": 20.369999999999997, ""execution_price"": 19.351499999999998, ""reason"": ""tp2""}, {""timestamp"": ""2026-03-06T15:59:00-05:00"", ""contracts"": 1, ""reference_price"": 24.8, ""execution_price"": 23.560000000000002, ""reason"": ""close_runner""}]"
2026-03-09,1C_HOLD_CLOSE,1,put,O:SPXW260309P06715000,9.03,904.4999999999999,-905.9999999999999,-1.0016583747927033,False,False,False,False,2026-03-09 15:59:00-04:00,0,0,0,1,"[{""timestamp"": ""2026-03-09T15:59:00-04:00"", ""contracts"": 1, ""reference_price"": 0.05, ""execution_price"": 0.0, ""reason"": ""close_runner""}]"
2026-03-09,1C_STOP50_HOLD_CLOSE,1,put,O:SPXW260309P06715000,9.03,904.4999999999999,-477.0749999999999,-0.5274461028192371,False,False,False,False,2026-03-09 15:12:00-04:00,0,0,1,0,"[{""timestamp"": ""2026-03-09T15:12:00-04:00"", ""contracts"": 1, ""reference_price"": 4.515, ""execution_price"": 4.28925, ""reason"": ""stop""}]"
2026-03-09,2C_TP100_RUNNER_CLOSE,2,put,O:SPXW260309P06715000,9.03,1808.9999999999998,-954.1499999999997,-0.5274461028192371,False,False,False,False,2026-03-09 15:12:00-04:00,0,0,1,0,"[{""timestamp"": ""2026-03-09T15:12:00-04:00"", ""contracts"": 2, ""reference_price"": 4.515, ""execution_price"": 4.28925, ""reason"": ""stop""}]"
2026-03-09,2C_TP100_RUNNER_BE,2,put,O:SPXW260309P06715000,9.03,1808.9999999999998,-954.1499999999997,-0.5274461028192371,False,False,False,False,2026-03-09 15:12:00-04:00,0,0,1,0,"[{""timestamp"": ""2026-03-09T15:12:00-04:00"", ""contracts"": 2, ""reference_price"": 4.515, ""execution_price"": 4.28925, ""reason"": ""stop""}]"
2026-03-09,2C_TP100_RUNNER_TRAIL25,2,put,O:SPXW260309P06715000,9.03,1808.9999999999998,-954.1499999999997,-0.5274461028192371,False,False,False,False,2026-03-09 15:12:00-04:00,0,0,1,0,"[{""timestamp"": ""2026-03-09T15:12:00-04:00"", ""contracts"": 2, ""reference_price"": 4.515, ""execution_price"": 4.28925, ""reason"": ""stop""}]"
2026-03-09,3C_TP50_TP100_RUNNER_CLOSE,3,put,O:SPXW260309P06715000,9.03,2713.4999999999995,-1431.2249999999995,-0.527446102819237,False,False,False,False,2026-03-09 15:12:00-04:00,0,0,1,0,"[{""timestamp"": ""2026-03-09T15:12:00-04:00"", ""contracts"": 3, ""reference_price"": 4.515, ""execution_price"": 4.28925, ""reason"": ""stop""}]"
2026-03-13,1C_HOLD_CLOSE,1,put,O:SPXW260313P06650000,7.35,736.5,972.0000000000002,1.3197556008146643,True,False,False,False,2026-03-13 15:59:00-04:00,0,0,0,1,"[{""timestamp"": ""2026-03-13T15:59:00-04:00"", ""contracts"": 1, ""reference_price"": 18.0, ""execution_price"": 17.1, ""reason"": ""close_runner""}]"
2026-03-13,1C_STOP50_HOLD_CLOSE,1,put,O:SPXW260313P06650000,7.35,736.5,972.0000000000002,1.3197556008146643,True,False,False,False,2026-03-13 15:59:00-04:00,0,0,0,1,"[{""timestamp"": ""2026-03-13T15:59:00-04:00"", ""contracts"": 1, ""reference_price"": 18.0, ""execution_price"": 17.1, ""reason"": ""close_runner""}]"
2026-03-13,2C_TP100_RUNNER_CLOSE,2,put,O:SPXW260313P06650000,7.35,1473.0,1630.5,1.1069246435845215,True,True,False,False,2026-03-13 15:59:00-04:00,1,0,0,1,"[{""timestamp"": ""2026-03-13T15:21:00-04:00"", ""contracts"": 1, ""reference_price"": 14.7, ""execution_price"": 13.965, ""reason"": ""tp1""}, {""timestamp"": ""2026-03-13T15:59:00-04:00"", ""contracts"": 1, ""reference_price"": 18.0, ""execution_price"": 17.1, ""reason"": ""close_runner""}]"
2026-03-13,2C_TP100_RUNNER_BE,2,put,O:SPXW260313P06650000,7.35,1473.0,1630.5,1.1069246435845215,True,True,False,False,2026-03-13 15:59:00-04:00,1,0,0,1,"[{""timestamp"": ""2026-03-13T15:21:00-04:00"", ""contracts"": 1, ""reference_price"": 14.7, ""execution_price"": 13.965, ""reason"": ""tp1""}, {""timestamp"": ""2026-03-13T15:59:00-04:00"", ""contracts"": 1, ""reference_price"": 18.0, ""execution_price"": 17.1, ""reason"": ""close_runner""}]"
2026-03-13,2C_TP100_RUNNER_TRAIL25,2,put,O:SPXW260313P06650000,7.35,1473.0,1334.8125,0.9061863543788188,True,True,False,False,2026-03-13 15:30:00-04:00,1,0,1,0,"[{""timestamp"": ""2026-03-13T15:21:00-04:00"", ""contracts"": 1, ""reference_price"": 14.7, ""execution_price"": 13.965, ""reason"": ""tp1""}, {""timestamp"": ""2026-03-13T15:30:00-04:00"", ""contracts"": 1, ""reference_price"": 14.887500000000001, ""execution_price"": 14.143125000000001, ""reason"": ""stop""}]"
2026-03-13,3C_TP50_TP100_RUNNER_CLOSE,3,put,O:SPXW260313P06650000,7.35,2209.5,1939.875,0.8779701289884589,True,True,True,False,2026-03-13 15:59:00-04:00,1,1,0,1,"[{""timestamp"": ""2026-03-13T15:05:00-04:00"", ""contracts"": 1, ""reference_price"": 11.024999999999999, ""execution_price"": 10.473749999999999, ""reason"": ""tp1""}, {""timestamp"": ""2026-03-13T15:21:00-04:00"", ""contracts"": 1, ""reference_price"": 14.7, ""execution_price"": 13.965, ""reason"": ""tp2""}, {""timestamp"": ""2026-03-13T15:59:00-04:00"", ""contracts"": 1, ""reference_price"": 18.0, ""execution_price"": 17.1, ""reason"": ""close_runner""}]"
