rule,realised_move_threshold_bps,sessions,coverage,selected_event_rate,unconditional_event_rate,absolute_event_rate_lift,lift_ratio
All intersection sessions,20,421,1.0,0.34441805225653205,0.34441805225653205,0.0,1.0
RQ1 high confidence,20,127,0.3016627078384798,0.29133858267716534,0.34441805225653205,-0.05307946957936671,0.8458865055661146
RQ3 large-move flag,20,237,0.5629453681710214,0.5021097046413502,0.34441805225653205,0.15769165238481814,1.457849556234541
RQ1 high confidence + RQ3,20,72,0.171021377672209,0.4722222222222222,0.34441805225653205,0.12780416996569016,1.371072796934866
RQ1 high confidence + RQ2 >= 20 bps,20,21,0.0498812351543943,0.7142857142857143,0.34441805225653205,0.36986766202918225,2.073891625615764
All three: RQ1 high confidence + RQ2 >= 20 bps + RQ3,20,21,0.0498812351543943,0.7142857142857143,0.34441805225653205,0.36986766202918225,2.073891625615764
All three with RQ2 >= 10 bps,20,67,0.15914489311163896,0.4925373134328358,0.34441805225653205,0.14811926117630375,1.4300566134843027
All three with RQ2 >= 15 bps,20,43,0.1021377672209026,0.5581395348837209,0.34441805225653205,0.21372148262718887,1.6205292702485967
All three with RQ2 >= 20 bps,20,21,0.0498812351543943,0.7142857142857143,0.34441805225653205,0.36986766202918225,2.073891625615764
All three with RQ2 >= 25 bps,20,16,0.03800475059382423,0.75,0.34441805225653205,0.40558194774346795,2.1775862068965517
All three with RQ2 >= 30 bps,20,10,0.023752969121140142,0.9,0.34441805225653205,0.555581947743468,2.6131034482758624
All three with RQ2 >= 40 bps,20,1,0.0023752969121140144,1.0,0.34441805225653205,0.6555819477434679,2.903448275862069
All intersection sessions,25,421,1.0,0.26128266033254155,0.26128266033254155,0.0,1.0
RQ1 high confidence,25,127,0.3016627078384798,0.23622047244094488,0.26128266033254155,-0.02506218789159667,0.9040801717967073
RQ3 large-move flag,25,237,0.5629453681710214,0.39662447257383965,0.26128266033254155,0.1353418122412981,1.5179900268507864
RQ1 high confidence + RQ3,25,72,0.171021377672209,0.3888888888888889,0.26128266033254155,0.12760622855634735,1.4883838383838386
RQ1 high confidence + RQ2 >= 20 bps,25,21,0.0498812351543943,0.6666666666666666,0.26128266033254155,0.4053840063341251,2.5515151515151517
All three: RQ1 high confidence + RQ2 >= 20 bps + RQ3,25,21,0.0498812351543943,0.6666666666666666,0.26128266033254155,0.4053840063341251,2.5515151515151517
All three with RQ2 >= 10 bps,25,67,0.15914489311163896,0.417910447761194,0.26128266033254155,0.15662778742865247,1.5994572591587517
All three with RQ2 >= 15 bps,25,43,0.1021377672209026,0.5348837209302325,0.26128266033254155,0.27360106059769096,2.0471458773784357
All three with RQ2 >= 20 bps,25,21,0.0498812351543943,0.6666666666666666,0.26128266033254155,0.4053840063341251,2.5515151515151517
All three with RQ2 >= 25 bps,25,16,0.03800475059382423,0.6875,0.26128266033254155,0.42621733966745845,2.63125
All three with RQ2 >= 30 bps,25,10,0.023752969121140142,0.8,0.26128266033254155,0.5387173396674585,3.061818181818182
All three with RQ2 >= 40 bps,25,1,0.0023752969121140144,1.0,0.26128266033254155,0.7387173396674585,3.8272727272727276
All intersection sessions,30,421,1.0,0.2042755344418052,0.2042755344418052,0.0,1.0
RQ1 high confidence,30,127,0.3016627078384798,0.18110236220472442,0.2042755344418052,-0.02317317223708079,0.8865592382347557
RQ3 large-move flag,30,237,0.5629453681710214,0.31645569620253167,0.2042755344418052,0.11218016176072645,1.5491610244333238
RQ1 high confidence + RQ3,30,72,0.171021377672209,0.2916666666666667,0.2042755344418052,0.08739113222486147,1.42781007751938
RQ1 high confidence + RQ2 >= 20 bps,30,21,0.0498812351543943,0.6190476190476191,0.2042755344418052,0.41477208460581383,3.0304540420819492
All three: RQ1 high confidence + RQ2 >= 20 bps + RQ3,30,21,0.0498812351543943,0.6190476190476191,0.2042755344418052,0.41477208460581383,3.0304540420819492
All three with RQ2 >= 10 bps,30,67,0.15914489311163896,0.31343283582089554,0.2042755344418052,0.10915730137909033,1.5343630683790352
All three with RQ2 >= 15 bps,30,43,0.1021377672209026,0.4186046511627907,0.2042755344418052,0.2143291167209855,2.0492157923201733
All three with RQ2 >= 20 bps,30,21,0.0498812351543943,0.6190476190476191,0.2042755344418052,0.41477208460581383,3.0304540420819492
All three with RQ2 >= 25 bps,30,16,0.03800475059382423,0.625,0.2042755344418052,0.42072446555819476,3.059593023255814
All three with RQ2 >= 30 bps,30,10,0.023752969121140142,0.7,0.2042755344418052,0.4957244655581947,3.4267441860465118
All three with RQ2 >= 40 bps,30,1,0.0023752969121140144,1.0,0.2042755344418052,0.7957244655581948,4.895348837209303
All intersection sessions,40,421,1.0,0.1377672209026128,0.1377672209026128,0.0,1.0
RQ1 high confidence,40,127,0.3016627078384798,0.11811023622047244,0.1377672209026128,-0.019656984682140374,0.857317404289981
RQ3 large-move flag,40,237,0.5629453681710214,0.22362869198312235,0.1377672209026128,0.08586147108050954,1.623235850429216
RQ1 high confidence + RQ3,40,72,0.171021377672209,0.20833333333333334,0.1377672209026128,0.07056611243072053,1.512212643678161
RQ1 high confidence + RQ2 >= 20 bps,40,21,0.0498812351543943,0.47619047619047616,0.1377672209026128,0.3384232552878633,3.4564860426929394
All three: RQ1 high confidence + RQ2 >= 20 bps + RQ3,40,21,0.0498812351543943,0.47619047619047616,0.1377672209026128,0.3384232552878633,3.4564860426929394
All three with RQ2 >= 10 bps,40,67,0.15914489311163896,0.22388059701492538,0.1377672209026128,0.08611337611231257,1.6250643335048895
All three with RQ2 >= 15 bps,40,43,0.1021377672209026,0.3023255813953488,0.1377672209026128,0.164558360492736,2.194466720128308
All three with RQ2 >= 20 bps,40,21,0.0498812351543943,0.47619047619047616,0.1377672209026128,0.3384232552878633,3.4564860426929394
All three with RQ2 >= 25 bps,40,16,0.03800475059382423,0.4375,0.1377672209026128,0.29973277909738716,3.1756465517241383
All three with RQ2 >= 30 bps,40,10,0.023752969121140142,0.5,0.1377672209026128,0.36223277909738716,3.6293103448275867
All three with RQ2 >= 40 bps,40,1,0.0023752969121140144,1.0,0.1377672209026128,0.8622327790973872,7.2586206896551735
All intersection sessions,50,421,1.0,0.07600950118764846,0.07600950118764846,0.0,1.0
RQ1 high confidence,50,127,0.3016627078384798,0.07086614173228346,0.07600950118764846,-0.005143359455364996,0.9323326771653543
RQ3 large-move flag,50,237,0.5629453681710214,0.12658227848101267,0.07600950118764846,0.05057277729336421,1.6653481012658229
RQ1 high confidence + RQ3,50,72,0.171021377672209,0.125,0.07600950118764846,0.04899049881235154,1.64453125
RQ1 high confidence + RQ2 >= 20 bps,50,21,0.0498812351543943,0.2857142857142857,0.07600950118764846,0.20970478452663724,3.758928571428571
All three: RQ1 high confidence + RQ2 >= 20 bps + RQ3,50,21,0.0498812351543943,0.2857142857142857,0.07600950118764846,0.20970478452663724,3.758928571428571
All three with RQ2 >= 10 bps,50,67,0.15914489311163896,0.13432835820895522,0.07600950118764846,0.058318857021306764,1.7672574626865671
All three with RQ2 >= 15 bps,50,43,0.1021377672209026,0.18604651162790697,0.07600950118764846,0.11003701044025851,2.447674418604651
All three with RQ2 >= 20 bps,50,21,0.0498812351543943,0.2857142857142857,0.07600950118764846,0.20970478452663724,3.758928571428571
All three with RQ2 >= 25 bps,50,16,0.03800475059382423,0.3125,0.07600950118764846,0.23649049881235154,4.111328125
All three with RQ2 >= 30 bps,50,10,0.023752969121140142,0.4,0.07600950118764846,0.32399049881235154,5.2625
All three with RQ2 >= 40 bps,50,1,0.0023752969121140144,1.0,0.07600950118764846,0.9239904988123515,13.15625
