rule,predicted_magnitude_threshold_bps,sessions,coverage,direction_balanced_accuracy,direction_accuracy,mean_abs_move_bps,median_abs_move_bps,mean_move_points,mean_directional_capture_bps,rate_ge_20bps,rate_ge_30bps,rate_ge_40bps
All three-model intersection sessions,,421,1.0,0.5449907445031378,0.5391923990498813,20.538576254402617,13.041191168521316,11.79909738717342,2.5315919594613194,0.34441805225653205,0.2042755344418052,0.1377672209026128
RQ1 high confidence only,,127,0.3016627078384798,0.5587431693989071,0.5433070866141733,19.24975212991835,11.458495081949627,11.124488188976366,4.0741975068363,0.29133858267716534,0.18110236220472442,0.11811023622047244
RQ3 large-move flag only,,237,0.5629453681710214,0.5539096994730095,0.5527426160337553,27.583449102567663,20.09596029505234,15.410168776371316,3.621412415579465,0.5021097046413502,0.31645569620253167,0.22362869198312235
RQ1 high confidence + RQ3 flag,,72,0.171021377672209,0.6057915057915058,0.5972222222222222,27.423529590238257,17.30035479610814,15.514583333333352,7.65529056459113,0.4722222222222222,0.2916666666666667,0.20833333333333334
RQ2 predicted move >= 10 bps,10.0,343,0.8147268408551069,0.556681400884053,0.5539358600583091,23.184148264308227,15.157372179610551,13.29618075801752,3.351030717824644,0.40524781341107874,0.2478134110787172,0.16909620991253643
RQ1 high confidence + RQ2 >= 10 bps,10.0,100,0.2375296912114014,0.5745192307692307,0.56,22.580312475184947,14.532963940442901,13.01449999999998,5.6844307755374395,0.36,0.23,0.15
RQ2 >= 10 bps + RQ3 flag,10.0,226,0.5368171021377672,0.5596021303258145,0.5619469026548672,28.370133945192777,21.303595954080823,15.87438053097346,4.191292193994233,0.5176991150442478,0.3274336283185841,0.2345132743362832
RQ1 high confidence + RQ2 >= 10 bps + RQ3 flag,10.0,67,0.15914489311163896,0.6163101604278075,0.6119402985074627,28.816293541079887,17.915421783845087,16.32119402985076,8.754818794463693,0.4925373134328358,0.31343283582089554,0.22388059701492538
RQ2 predicted move >= 15 bps,15.0,154,0.3657957244655582,0.5768776371308016,0.5714285714285714,31.38463961724249,21.755747421314254,17.940194805194857,4.083790607456868,0.5324675324675324,0.3961038961038961,0.2792207792207792
RQ1 high confidence + RQ2 >= 15 bps,15.0,48,0.11401425178147269,0.6107078039927405,0.5625,31.95027233790545,24.783978061380108,18.430833333333386,9.583639993838526,0.5208333333333334,0.3958333333333333,0.2708333333333333
RQ2 >= 15 bps + RQ3 flag,15.0,143,0.33966745843230406,0.5843444227005871,0.5804195804195804,32.568094211346796,22.450041867518866,18.544405594405653,4.271978377617358,0.5524475524475524,0.4125874125874126,0.2937062937062937
RQ1 high confidence + RQ2 >= 15 bps + RQ3 flag,15.0,43,0.1021377672209026,0.6366666666666667,0.6046511627906976,34.2517993722239,27.675703060415778,19.6909302325582,11.37861869494187,0.5581395348837209,0.4186046511627907,0.3023255813953488
RQ2 predicted move >= 20 bps,20.0,78,0.18527315914489312,0.6131578947368421,0.6153846153846154,42.58256649631804,35.301311382758826,24.109615384615466,8.109869118297903,0.6794871794871795,0.5512820512820513,0.41025641025641024
RQ1 high confidence + RQ2 >= 20 bps,20.0,21,0.0498812351543943,0.6805555555555556,0.6666666666666666,47.27546142491305,36.56873225937329,26.881428571428646,24.955007797904074,0.7142857142857143,0.6190476190476191,0.47619047619047616
RQ2 >= 20 bps + RQ3 flag,20.0,78,0.18527315914489312,0.6131578947368421,0.6153846153846154,42.58256649631804,35.301311382758826,24.109615384615466,8.109869118297903,0.6794871794871795,0.5512820512820513,0.41025641025641024
RQ1 high confidence + RQ2 >= 20 bps + RQ3 flag,20.0,21,0.0498812351543943,0.6805555555555556,0.6666666666666666,47.27546142491305,36.56873225937329,26.881428571428646,24.955007797904074,0.7142857142857143,0.6190476190476191,0.47619047619047616
RQ2 predicted move >= 25 bps,25.0,53,0.12589073634204276,0.6235714285714286,0.6226415094339622,43.28976219841944,31.650953975606022,24.638113207547207,6.432925446698782,0.660377358490566,0.5283018867924528,0.37735849056603776
RQ1 high confidence + RQ2 >= 25 bps,25.0,16,0.03800475059382423,0.6833333333333333,0.6875,48.84839155688444,34.10984311748966,28.021250000000045,32.38059075125914,0.75,0.625,0.4375
RQ2 >= 25 bps + RQ3 flag,25.0,53,0.12589073634204276,0.6235714285714286,0.6226415094339622,43.28976219841944,31.650953975606022,24.638113207547207,6.432925446698782,0.660377358490566,0.5283018867924528,0.37735849056603776
RQ1 high confidence + RQ2 >= 25 bps + RQ3 flag,25.0,16,0.03800475059382423,0.6833333333333333,0.6875,48.84839155688444,34.10984311748966,28.021250000000045,32.38059075125914,0.75,0.625,0.4375
RQ2 predicted move >= 30 bps,30.0,34,0.08076009501187649,0.7048611111111112,0.7058823529411765,51.13413760234877,36.548061072236294,28.88617647058826,13.4064946362687,0.7647058823529411,0.5882352941176471,0.4117647058823529
RQ1 high confidence + RQ2 >= 30 bps,30.0,10,0.023752969121140142,0.9285714285714286,0.9,60.11033848571634,38.70214068056488,34.30100000000006,52.796592033841684,0.9,0.7,0.5
RQ2 >= 30 bps + RQ3 flag,30.0,34,0.08076009501187649,0.7048611111111112,0.7058823529411765,51.13413760234877,36.548061072236294,28.88617647058826,13.4064946362687,0.7647058823529411,0.5882352941176471,0.4117647058823529
RQ1 high confidence + RQ2 >= 30 bps + RQ3 flag,30.0,10,0.023752969121140142,0.9285714285714286,0.9,60.11033848571634,38.70214068056488,34.30100000000006,52.796592033841684,0.9,0.7,0.5
RQ2 predicted move >= 40 bps,40.0,4,0.009501187648456057,0.3333333333333333,0.5,53.502162812650575,43.09559925289031,30.055000000000174,10.40656355976027,1.0,1.0,0.5
RQ1 high confidence + RQ2 >= 40 bps,40.0,1,0.0023752969121140144,,1.0,91.98864767974601,91.98864767974601,51.73000000000054,91.98864767974601,1.0,1.0,1.0
RQ2 >= 40 bps + RQ3 flag,40.0,4,0.009501187648456057,0.3333333333333333,0.5,53.502162812650575,43.09559925289031,30.055000000000174,10.40656355976027,1.0,1.0,0.5
RQ1 high confidence + RQ2 >= 40 bps + RQ3 flag,40.0,1,0.0023752969121140144,,1.0,91.98864767974601,91.98864767974601,51.73000000000054,91.98864767974601,1.0,1.0,1.0
